id,kind,feasible,valid_cuts,universal,objective,independent_number,window_or_cut
case-000001,sampled-window,True,1,True,,,"[[""e0""],[""e0""]]"
case-000002,sampled-window,False,0,False,,,null
case-000003,sampled-window,True,12,True,,,"[[""e0"",""e2""],[""e0"",""e1"",""e2"",""e3"",""e4"",""e5""]]"
case-000004,sampled-window,True,1,False,,,"[[""e1"",""e2""],[""e1"",""e2""]]"
case-000005,sampled-window,True,5,True,,,"[[""e3""],[""e0"",""e2"",""e3"",""e4""]]"
case-000006,sampled-window,True,1,False,,,"[[""e0"",""e1"",""e2""],[""e0"",""e1"",""e2""]]"
case-000007,sampled-window,True,1,True,,,"[[""e0"",""e2""],[""e0"",""e2""]]"
case-000008,sampled-window,False,0,False,,,null
case-000009,sampled-window,True,2,True,,,"[[""e0"",""e1"",""e2"",""e3""],[""e0"",""e1"",""e2"",""e3"",""e5""]]"
case-000010,sampled-window,False,0,False,,,null
case-000011,sampled-window,True,4,True,,,"[[""e2"",""e3""],[""e1"",""e2"",""e3"",""e4""]]"
case-000012,sampled-window,False,0,False,,,null
case-000013,sampled-window,True,4,True,,,"[[""e0"",""e2""],[""e0"",""e1"",""e2"",""e3""]]"
case-000014,sampled-window,False,0,False,,,null
case-000015,sampled-window,True,4,False,,,"[[""e0""],[""e0"",""e1"",""e4""]]"
case-000016,sampled-window,True,1,False,,,"[[""e2""],[""e2""]]"
case-000017,sampled-window,True,2,False,,,"[[""e1""],[""e1"",""e3""]]"
case-000018,sampled-window,True,1,False,,,"[[""e0"",""e1"",""e2""],[""e0"",""e1"",""e2""]]"
case-000019,sampled-window,True,2,True,,,"[[""e0"",""e3""],[""e0"",""e1"",""e3""]]"
case-000020,sampled-window,False,0,False,,,null
case-000021,sampled-window,True,10,True,,,"[[""e3""],[""e0"",""e2"",""e3"",""e4"",""e5""]]"
case-000022,sampled-window,True,6,True,,,"[[],[""e0"",""e2"",""e3""]]"
case-000023,sampled-window,True,1,True,,,"[[],[]]"
case-000024,sampled-window,False,0,False,,,null
case-000025,sampled-window,True,1,True,,,"[[""e0"",""e1"",""e2"",""e3""],[""e0"",""e1"",""e2"",""e3""]]"
case-000026,sampled-window,False,0,False,,,null
case-000027,sampled-window,True,2,True,,,"[[""e0"",""e1"",""e2"",""e3""],[""e0"",""e1"",""e2"",""e3"",""e4""]]"
case-000028,sampled-window,True,1,False,,,"[[""e0"",""e1"",""e2"",""e3""],[""e0"",""e1"",""e2"",""e3""]]"
case-000029,sampled-window,True,1,False,,,"[[""e0"",""e1"",""e2"",""e3""],[""e0"",""e1"",""e2"",""e3""]]"
case-000030,sampled-window,False,0,False,,,null
case-000031,sampled-window,True,2,True,,,"[[""e1"",""e3""],[""e1"",""e2"",""e3""]]"
case-000032,sampled-window,False,0,False,,,null
case-000033,sampled-window,True,2,False,,,"[[""e0"",""e1"",""e3"",""e4"",""e5""],[""e0"",""e1"",""e2"",""e3"",""e4"",""e5""]]"
case-000034,sampled-window,False,0,False,,,null
case-000035,sampled-window,True,2,False,,,"[[""e2""],[""e1"",""e2""]]"
case-000036,sampled-window,False,0,False,,,null
case-000037,sampled-window,True,2,True,,,"[[""e1""],[""e1"",""e2""]]"
case-000038,sampled-window,False,0,False,,,null
case-000039,sampled-window,True,3,True,,,"[[""e0"",""e1"",""e2"",""e3""],[""e0"",""e1"",""e2"",""e3"",""e4"",""e5""]]"
case-000040,sampled-window,False,0,False,,,null
case-000041,sampled-window,True,1,False,,,"[[""e0"",""e1"",""e2"",""e4""],[""e0"",""e1"",""e2"",""e4""]]"
case-000042,sampled-window,False,0,False,,,null
case-000043,sampled-window,True,1,False,,,"[[""e0"",""e1""],[""e0"",""e1""]]"
case-000044,sampled-window,False,0,False,,,null
case-000045,sampled-window,True,8,True,,,"[[""e0"",""e2""],[""e0"",""e2"",""e3"",""e4"",""e5""]]"
case-000046,sampled-window,True,1,False,,,"[[""e0"",""e1"",""e2""],[""e0"",""e1"",""e2""]]"
case-000047,sampled-window,True,6,True,,,"[[""e1"",""e3""],[""e0"",""e1"",""e2"",""e3"",""e4""]]"
case-000048,sampled-window,True,1,False,,,"[[""e1"",""e4""],[""e1"",""e4""]]"
case-000049,sampled-window,True,4,True,,,"[[],[""e0"",""e1"",""e2""]]"
case-000050,sampled-window,True,2,False,,,"[[""e1"",""e3""],[""e1"",""e2"",""e3""]]"
case-000051,sampled-window,True,1,False,,,"[[""e2"",""e3""],[""e2"",""e3""]]"
case-000052,sampled-window,True,1,False,,,"[[""e2""],[""e2""]]"
case-000053,sampled-window,True,2,False,,,"[[""e1"",""e2""],[""e0"",""e1"",""e2""]]"
case-000054,sampled-window,False,0,False,,,null
case-000055,sampled-window,True,3,True,,,"[[""e0""],[""e0"",""e2"",""e3""]]"
case-000056,sampled-window,False,0,False,,,null
case-000057,sampled-window,True,8,True,,,"[[""e2""],[""e0"",""e1"",""e2"",""e3""]]"
case-000058,sampled-window,True,1,True,,,"[[""e0"",""e1"",""e2"",""e3""],[""e0"",""e1"",""e2"",""e3""]]"
case-000059,sampled-window,True,3,False,,,"[[""e0"",""e1""],[""e0"",""e1"",""e2"",""e3""]]"
case-000060,sampled-window,True,1,False,,,"[[""e0"",""e2"",""e4""],[""e0"",""e2"",""e4""]]"
case-000061,sampled-window,True,4,False,,,"[[""e1""],[""e0"",""e1"",""e2""]]"
case-000062,sampled-window,False,0,False,,,null
case-000063,sampled-window,True,4,True,,,"[[""e0"",""e1"",""e3""],[""e0"",""e1"",""e3"",""e4"",""e5""]]"
case-000064,sampled-window,False,0,False,,,null
case-000065,sampled-window,True,2,False,,,"[[""e0"",""e3"",""e4""],[""e0"",""e1"",""e3"",""e4""]]"
case-000066,sampled-window,True,1,False,,,"[[""e0"",""e2"",""e4""],[""e0"",""e2"",""e4""]]"
case-000067,sampled-window,True,12,True,,,"[[],[""e0"",""e1"",""e2"",""e3""]]"
case-000068,sampled-window,False,0,False,,,null
case-000069,sampled-window,True,6,True,,,"[[],[""e0"",""e1"",""e2""]]"
case-000070,sampled-window,False,0,False,,,null
case-000071,sampled-window,True,8,False,,,"[[""e1"",""e3""],[""e0"",""e1"",""e2"",""e3"",""e4""]]"
case-000072,sampled-window,False,0,False,,,null
case-000073,sampled-window,True,2,True,,,"[[],[""e1""]]"
case-000074,sampled-window,True,1,False,,,"[[""e2"",""e3"",""e4""],[""e2"",""e3"",""e4""]]"
case-000075,sampled-window,True,1,False,,,"[[""e0"",""e1"",""e2"",""e4"",""e5""],[""e0"",""e1"",""e2"",""e4"",""e5""]]"
case-000076,sampled-window,False,0,False,,,null
case-000077,sampled-window,True,4,False,,,"[[""e0""],[""e0"",""e1"",""e2""]]"
case-000078,sampled-window,True,8,False,,,"[[""e0"",""e4""],[""e0"",""e2"",""e3"",""e4"",""e5""]]"
case-000079,sampled-window,True,1,False,,,"[[""e0"",""e1""],[""e0"",""e1""]]"
case-000080,sampled-window,False,0,False,,,null
case-000081,sampled-window,True,3,True,,,"[[""e0"",""e3"",""e4"",""e5""],[""e0"",""e1"",""e2"",""e3"",""e4"",""e5""]]"
case-000082,sampled-window,False,0,False,,,null
case-000083,sampled-window,True,16,True,,,"[[],[""e0"",""e1"",""e2"",""e3"",""e4""]]"
case-000084,sampled-window,False,0,False,,,null
case-000085,sampled-window,True,1,True,,,"[[""e0"",""e1"",""e2"",""e3""],[""e0"",""e1"",""e2"",""e3""]]"
case-000086,sampled-window,False,0,False,,,null
case-000087,sampled-window,True,2,True,,,"[[""e1"",""e2"",""e3"",""e4"",""e5""],[""e0"",""e1"",""e2"",""e3"",""e4"",""e5""]]"
case-000088,sampled-window,False,0,False,,,null
case-000089,sampled-window,True,6,True,,,"[[""e1"",""e3""],[""e0"",""e1"",""e2"",""e3"",""e4""]]"
case-000090,sampled-window,False,0,False,,,null
case-000091,sampled-window,True,4,True,,,"[[""e3""],[""e1"",""e2"",""e3""]]"
case-000092,sampled-window,False,0,False,,,null
case-000093,sampled-window,True,3,True,,,"[[""e3"",""e4""],[""e1"",""e3"",""e4"",""e5""]]"
case-000094,sampled-window,False,0,False,,,null
case-000095,sampled-window,True,6,True,,,"[[""e0"",""e1""],[""e0"",""e1"",""e2"",""e3"",""e4""]]"
case-000096,sampled-window,False,0,False,,,null
case-000097,sampled-window,True,12,True,,,"[[],[""e0"",""e1"",""e2"",""e3""]]"
case-000098,sampled-window,False,0,False,,,null
case-000099,sampled-window,True,4,False,,,"[[""e1""],[""e0"",""e1"",""e5""]]"
case-000100,sampled-window,False,0,False,,,null
case-000101,sampled-window,True,1,False,,,"[[""e1"",""e2"",""e4""],[""e1"",""e2"",""e4""]]"
case-000102,sampled-window,False,0,False,,,null
case-000103,sampled-window,True,1,False,,,"[[""e0"",""e1"",""e2""],[""e0"",""e1"",""e2""]]"
case-000104,sampled-window,True,1,True,,,"[[""e0"",""e1"",""e3""],[""e0"",""e1"",""e3""]]"
case-000105,sampled-window,True,4,True,,,"[[""e0"",""e4""],[""e0"",""e2"",""e4"",""e5""]]"
case-000106,sampled-window,True,2,False,,,"[[""e0"",""e2""],[""e0"",""e1"",""e2""]]"
case-000107,sampled-window,True,1,False,,,"[[""e0""],[""e0""]]"
case-000108,sampled-window,False,0,False,,,null
case-000109,sampled-window,True,4,False,,,"[[""e0""],[""e0"",""e1"",""e3""]]"
case-000110,sampled-window,True,4,False,,,"[[""e0"",""e1""],[""e0"",""e1"",""e3"",""e4""]]"
case-000111,sampled-window,True,14,True,,,"[[""e1""],[""e0"",""e1"",""e2"",""e3"",""e4"",""e5""]]"
case-000112,sampled-window,True,2,True,,,"[[""e1""],[""e1"",""e2""]]"
case-000113,sampled-window,True,6,False,,,"[[""e0""],[""e0"",""e1"",""e2"",""e4""]]"
case-000114,sampled-window,False,0,False,,,null
case-000115,sampled-window,True,1,True,,,"[[""e0"",""e1""],[""e0"",""e1""]]"
case-000116,sampled-window,True,1,True,,,"[[""e0"",""e1"",""e2"",""e3"",""e4""],[""e0"",""e1"",""e2"",""e3"",""e4""]]"
case-000117,sampled-window,True,1,False,,,"[[""e0"",""e2"",""e4""],[""e0"",""e2"",""e4""]]"
case-000118,sampled-window,True,1,False,,,"[[""e0"",""e3""],[""e0"",""e3""]]"
case-000119,sampled-window,True,1,False,,,"[[""e0"",""e1"",""e2"",""e4""],[""e0"",""e1"",""e2"",""e4""]]"
case-000120,sampled-window,True,1,False,,,"[[""e0"",""e2"",""e3"",""e5""],[""e0"",""e2"",""e3"",""e5""]]"
case-000121,sampled-window,True,6,True,,,"[[""e3""],[""e0"",""e1"",""e2"",""e3""]]"
case-000122,sampled-window,True,1,False,,,"[[""e1"",""e4""],[""e1"",""e4""]]"
case-000123,sampled-window,True,2,False,,,"[[""e0"",""e2"",""e4""],[""e0"",""e1"",""e2"",""e4""]]"
case-000124,sampled-window,False,0,False,,,null
case-000125,sampled-window,True,1,True,,,"[[""e0"",""e1"",""e2"",""e3"",""e4""],[""e0"",""e1"",""e2"",""e3"",""e4""]]"
case-000126,sampled-window,False,0,False,,,null
case-000127,sampled-window,True,4,True,,,"[[""e0""],[""e0"",""e1"",""e2""]]"
case-000128,sampled-window,True,1,False,,,"[[""e1""],[""e1""]]"
case-000129,sampled-window,True,14,True,,,"[[""e2""],[""e0"",""e1"",""e2"",""e3"",""e4"",""e5""]]"
case-000130,sampled-window,False,0,False,,,null
case-000131,sampled-window,True,2,True,,,"[[""e0"",""e1""],[""e0"",""e1"",""e3""]]"
case-000132,sampled-window,True,2,False,,,"[[""e0"",""e3"",""e5""],[""e0"",""e3"",""e4"",""e5""]]"
case-000133,sampled-window,True,1,False,,,"[[""e0"",""e1"",""e2""],[""e0"",""e1"",""e2""]]"
case-000134,sampled-window,False,0,False,,,null
case-000135,sampled-window,True,2,False,,,"[[""e1"",""e2"",""e3"",""e5""],[""e0"",""e1"",""e2"",""e3"",""e5""]]"
case-000136,sampled-window,True,1,False,,,"[[""e1"",""e3""],[""e1"",""e3""]]"
case-000137,sampled-window,True,1,True,,,"[[""e0"",""e1"",""e2"",""e3"",""e4""],[""e0"",""e1"",""e2"",""e3"",""e4""]]"
case-000138,sampled-window,False,0,False,,,null
case-000139,sampled-window,True,8,True,,,"[[],[""e0"",""e1"",""e3""]]"
case-000140,sampled-window,False,0,False,,,null
case-000141,sampled-window,True,2,True,,,"[[""e0"",""e1"",""e2"",""e5""],[""e0"",""e1"",""e2"",""e4"",""e5""]]"
case-000142,sampled-window,True,1,False,,,"[[""e0"",""e3""],[""e0"",""e3""]]"
case-000143,sampled-window,True,2,False,,,"[[""e0""],[""e0"",""e2""]]"
case-000144,sampled-window,True,1,False,,,"[[""e0"",""e4"",""e5""],[""e0"",""e4"",""e5""]]"
case-000145,sampled-window,True,1,False,,,"[[""e1"",""e2"",""e3""],[""e1"",""e2"",""e3""]]"
case-000146,sampled-window,False,0,False,,,null
case-000147,sampled-window,True,4,False,,,"[[""e0"",""e5""],[""e0"",""e2"",""e3"",""e5""]]"
case-000148,sampled-window,False,0,False,,,null
case-000149,sampled-window,True,1,False,,,"[[""e1"",""e2""],[""e1"",""e2""]]"
case-000150,sampled-window,False,0,False,,,null
case-000151,sampled-window,True,4,True,,,"[[],[""e1"",""e2""]]"
case-000152,sampled-window,False,0,False,,,null
case-000153,sampled-window,True,6,True,,,"[[""e0""],[""e0"",""e1"",""e2"",""e3""]]"
case-000154,sampled-window,False,0,False,,,null
case-000155,sampled-window,True,1,True,,,"[[""e0"",""e2"",""e4""],[""e0"",""e2"",""e4""]]"
case-000156,sampled-window,False,0,False,,,null
case-000157,sampled-window,True,1,True,,,"[[""e0"",""e1"",""e2""],[""e0"",""e1"",""e2""]]"
case-000158,sampled-window,False,0,False,,,null
case-000159,sampled-window,True,1,False,,,"[[""e0"",""e1"",""e4""],[""e0"",""e1"",""e4""]]"
case-000160,sampled-window,False,0,False,,,null
case-000161,sampled-window,True,6,False,,,"[[""e3""],[""e0"",""e2"",""e3"",""e4""]]"
case-000162,sampled-window,False,0,False,,,null
case-000163,sampled-window,True,1,False,,,"[[""e0"",""e1"",""e2"",""e3""],[""e0"",""e1"",""e2"",""e3""]]"
case-000164,sampled-window,False,0,False,,,null
case-000165,sampled-window,True,1,True,,,"[[""e0"",""e1"",""e2"",""e3"",""e5""],[""e0"",""e1"",""e2"",""e3"",""e5""]]"
case-000166,sampled-window,True,1,False,,,"[[""e0"",""e1"",""e2"",""e3""],[""e0"",""e1"",""e2"",""e3""]]"
case-000167,sampled-window,True,3,False,,,"[[""e1""],[""e0"",""e1"",""e4""]]"
case-000168,sampled-window,False,0,False,,,null
case-000169,sampled-window,True,2,False,,,"[[""e0"",""e1"",""e3""],[""e0"",""e1"",""e2"",""e3""]]"
case-000170,sampled-window,True,1,False,,,"[[""e0"",""e1""],[""e0"",""e1""]]"
case-000171,sampled-window,True,2,True,,,"[[""e0"",""e1"",""e2"",""e3"",""e5""],[""e0"",""e1"",""e2"",""e3"",""e4"",""e5""]]"
case-000172,sampled-window,False,0,False,,,null
case-000173,sampled-window,True,4,True,,,"[[""e3""],[""e0"",""e1"",""e3"",""e4""]]"
case-000174,sampled-window,False,0,False,,,null
case-000175,sampled-window,True,6,False,,,"[[""e2""],[""e0"",""e1"",""e2"",""e3""]]"
case-000176,sampled-window,False,0,False,,,null
case-000177,sampled-window,True,1,False,,,"[[""e0"",""e1"",""e2"",""e3"",""e4""],[""e0"",""e1"",""e2"",""e3"",""e4""]]"
case-000178,sampled-window,False,0,False,,,null
case-000179,sampled-window,True,12,True,,,"[[""e0""],[""e0"",""e1"",""e2"",""e3"",""e4""]]"
case-000180,sampled-window,False,0,False,,,null
case-000181,sampled-window,True,1,False,,,"[[""e0"",""e1"",""e2""],[""e0"",""e1"",""e2""]]"
case-000182,sampled-window,False,0,False,,,null
case-000183,sampled-window,True,2,False,,,"[[""e0"",""e1"",""e3"",""e4""],[""e0"",""e1"",""e3"",""e4"",""e5""]]"
case-000184,sampled-window,True,3,True,,,"[[],[""e0"",""e1""]]"
case-000185,sampled-window,True,6,True,,,"[[""e0"",""e2""],[""e0"",""e1"",""e2"",""e3"",""e4""]]"
case-000186,sampled-window,False,0,False,,,null
case-000187,sampled-window,True,4,False,,,"[[""e0""],[""e0"",""e1"",""e3""]]"
case-000188,sampled-window,False,0,False,,,null
case-000189,sampled-window,True,2,False,,,"[[""e5""],[""e0"",""e5""]]"
case-000190,sampled-window,True,1,False,,,"[[""e0"",""e1"",""e3""],[""e0"",""e1"",""e3""]]"
case-000191,sampled-window,True,4,False,,,"[[""e0""],[""e0"",""e1"",""e4""]]"
case-000192,sampled-window,False,0,False,,,null
case-000193,sampled-window,True,3,True,,,"[[""e0"",""e3""],[""e0"",""e1"",""e2"",""e3""]]"
case-000194,sampled-window,False,0,False,,,null
case-000195,sampled-window,True,8,True,,,"[[""e1"",""e3""],[""e0"",""e1"",""e2"",""e3"",""e5""]]"
case-000196,sampled-window,False,0,False,,,null
case-000197,sampled-window,True,1,False,,,"[[""e0""],[""e0""]]"
case-000198,sampled-window,False,0,False,,,null
case-000199,sampled-window,True,3,True,,,"[[""e3""],[""e1"",""e2"",""e3""]]"
case-000200,sampled-window,False,0,False,,,null
case-000201,sampled-window,True,2,True,,,"[[""e1"",""e2"",""e3"",""e5""],[""e0"",""e1"",""e2"",""e3"",""e5""]]"
case-000202,sampled-window,False,0,False,,,null
case-000203,sampled-window,True,2,False,,,"[[""e0"",""e3""],[""e0"",""e3"",""e4""]]"
case-000204,sampled-window,True,1,True,,,"[[""e0"",""e1"",""e2"",""e3"",""e4"",""e5""],[""e0"",""e1"",""e2"",""e3"",""e4"",""e5""]]"
case-000205,sampled-window,True,4,False,,,"[[""e0""],[""e0"",""e1"",""e2""]]"
case-000206,sampled-window,False,0,False,,,null
case-000207,sampled-window,True,2,True,,,"[[""e0"",""e1"",""e2""],[""e0"",""e1"",""e2"",""e3""]]"
case-000208,sampled-window,True,5,True,,,"[[],[""e0"",""e1"",""e2"",""e3""]]"
case-000209,sampled-window,True,4,False,,,"[[""e1"",""e2"",""e4""],[""e0"",""e1"",""e2"",""e3"",""e4""]]"
case-000210,sampled-window,False,0,False,,,null
case-000211,sampled-window,True,6,False,,,"[[""e1""],[""e0"",""e1"",""e2"",""e3""]]"
case-000212,sampled-window,False,0,False,,,null
case-000213,sampled-window,True,12,True,,,"[[],[""e0"",""e3"",""e4"",""e5""]]"
case-000214,sampled-window,False,0,False,,,null
case-000215,sampled-window,True,8,True,,,"[[],[""e0"",""e1"",""e2""]]"
case-000216,sampled-window,False,0,False,,,null
case-000217,sampled-window,True,2,False,,,"[[""e0""],[""e0"",""e1""]]"
case-000218,sampled-window,False,0,False,,,null
case-000219,sampled-window,True,2,True,,,"[[""e0""],[""e0"",""e1""]]"
case-000220,sampled-window,True,1,True,,,"[[""e0"",""e3""],[""e0"",""e3""]]"
case-000221,sampled-window,True,2,False,,,"[[""e0"",""e3""],[""e0"",""e1"",""e3""]]"
case-000222,sampled-window,True,2,False,,,"[[""e1"",""e2"",""e4""],[""e1"",""e2"",""e4"",""e5""]]"
case-000223,sampled-window,True,1,False,,,"[[""e1"",""e2""],[""e1"",""e2""]]"
case-000224,sampled-window,True,1,False,,,"[[""e0"",""e1"",""e2"",""e4""],[""e0"",""e1"",""e2"",""e4""]]"
case-000225,sampled-window,True,8,True,,,"[[],[""e1"",""e4"",""e5""]]"
case-000226,sampled-window,False,0,False,,,null
case-000227,sampled-window,True,5,False,,,"[[""e0""],[""e0"",""e1"",""e2"",""e4""]]"
case-000228,sampled-window,False,0,False,,,null
case-000229,sampled-window,True,2,True,,,"[[""e0"",""e3""],[""e0"",""e2"",""e3""]]"
case-000230,sampled-window,True,1,False,,,"[[""e0"",""e3"",""e4""],[""e0"",""e3"",""e4""]]"
case-000231,sampled-window,True,10,True,,,"[[""e0"",""e2""],[""e0"",""e1"",""e2"",""e3"",""e4"",""e5""]]"
case-000232,sampled-window,False,0,False,,,null
case-000233,sampled-window,True,3,False,,,"[[""e4""],[""e0"",""e1"",""e4""]]"
case-000234,sampled-window,False,0,False,,,null
case-000235,sampled-window,True,1,False,,,"[[""e0"",""e1"",""e2""],[""e0"",""e1"",""e2""]]"
case-000236,sampled-window,True,1,False,,,"[[""e0"",""e2""],[""e0"",""e2""]]"
case-000237,sampled-window,True,4,True,,,"[[],[""e0"",""e1""]]"
case-000238,sampled-window,False,0,False,,,null
case-000239,sampled-window,True,1,True,,,"[[""e0"",""e1"",""e2"",""e3"",""e4""],[""e0"",""e1"",""e2"",""e3"",""e4""]]"
case-000240,sampled-window,True,4,False,,,"[[""e0"",""e2""],[""e0"",""e2"",""e3"",""e4""]]"
case-000241,sampled-window,True,2,True,,,"[[""e0""],[""e0"",""e1""]]"
case-000242,sampled-window,True,2,True,,,"[[""e4""],[""e1"",""e4""]]"
case-000243,sampled-window,True,5,False,,,"[[""e0"",""e1"",""e2""],[""e0"",""e1"",""e2"",""e3"",""e4"",""e5""]]"
case-000244,sampled-window,False,0,False,,,null
case-000245,sampled-window,True,3,False,,,"[[""e1""],[""e0"",""e1"",""e2""]]"
case-000246,sampled-window,True,2,False,,,"[[""e0"",""e1""],[""e0"",""e1"",""e3""]]"
case-000247,sampled-window,True,2,False,,,"[[""e0"",""e1"",""e2""],[""e0"",""e1"",""e2"",""e3""]]"
case-000248,sampled-window,True,1,False,,,"[[""e1"",""e4""],[""e1"",""e4""]]"
case-000249,sampled-window,True,20,True,,,"[[],[""e0"",""e1"",""e2"",""e3"",""e4"",""e5""]]"
case-000250,sampled-window,True,4,True,,,"[[""e0""],[""e0"",""e1"",""e2""]]"
case-000251,sampled-window,True,8,True,,,"[[],[""e0"",""e2"",""e3""]]"
case-000252,sampled-window,False,0,False,,,null
case-000253,sampled-window,True,6,True,,,"[[""e3""],[""e0"",""e1"",""e2"",""e3""]]"
case-000254,sampled-window,True,1,False,,,"[[""e0"",""e1"",""e3"",""e4""],[""e0"",""e1"",""e3"",""e4""]]"
case-000255,sampled-window,True,3,False,,,"[[""e0"",""e2""],[""e0"",""e2"",""e3"",""e4""]]"
case-000256,sampled-window,False,0,False,,,null
case-000257,sampled-window,True,10,True,,,"[[],[""e0"",""e1"",""e2"",""e4""]]"
case-000258,sampled-window,False,0,False,,,null
case-000259,sampled-window,True,4,True,,,"[[""e3""],[""e0"",""e2"",""e3""]]"
case-000260,sampled-window,True,1,False,,,"[[""e0"",""e1"",""e3"",""e4""],[""e0"",""e1"",""e3"",""e4""]]"
case-000261,sampled-window,True,2,True,,,"[[""e0"",""e2"",""e3"",""e5""],[""e0"",""e1"",""e2"",""e3"",""e5""]]"
case-000262,sampled-window,False,0,False,,,null
case-000263,sampled-window,True,1,True,,,"[[""e2"",""e3"",""e4""],[""e2"",""e3"",""e4""]]"
case-000264,sampled-window,False,0,False,,,null
case-000265,sampled-window,True,1,False,,,"[[""e0"",""e1"",""e2"",""e3""],[""e0"",""e1"",""e2"",""e3""]]"
case-000266,sampled-window,False,0,False,,,null
case-000267,sampled-window,True,4,False,,,"[[""e0"",""e2""],[""e0"",""e1"",""e2"",""e3""]]"
case-000268,sampled-window,True,2,True,,,"[[""e2"",""e3""],[""e1"",""e2"",""e3""]]"
case-000269,sampled-window,True,16,False,,,"[[""e0""],[""e0"",""e1"",""e2"",""e3"",""e4""]]"
case-000270,sampled-window,False,0,False,,,null
case-000271,sampled-window,True,1,True,,,"[[""e0""],[""e0""]]"
case-000272,sampled-window,True,1,False,,,"[[""e0"",""e2"",""e4""],[""e0"",""e2"",""e4""]]"
case-000273,sampled-window,True,2,False,,,"[[""e2""],[""e2"",""e5""]]"
case-000274,sampled-window,True,1,False,,,"[[""e0"",""e3""],[""e0"",""e3""]]"
case-000275,sampled-window,True,2,False,,,"[[""e0"",""e1"",""e2"",""e3""],[""e0"",""e1"",""e2"",""e3"",""e4""]]"
case-000276,sampled-window,False,0,False,,,null
case-000277,sampled-window,True,6,True,,,"[[],[""e0"",""e1"",""e2""]]"
case-000278,sampled-window,True,1,False,,,"[[""e2""],[""e2""]]"
case-000279,sampled-window,True,8,False,,,"[[""e1"",""e2"",""e5""],[""e0"",""e1"",""e2"",""e3"",""e4"",""e5""]]"
case-000280,sampled-window,False,0,False,,,null
case-000281,sampled-window,True,2,False,,,"[[""e2""],[""e2"",""e4""]]"
case-000282,sampled-window,False,0,False,,,null
case-000283,sampled-window,True,2,True,,,"[[""e0"",""e1"",""e3""],[""e0"",""e1"",""e2"",""e3""]]"
case-000284,sampled-window,False,0,False,,,null
case-000285,sampled-window,True,1,False,,,"[[""e0"",""e2"",""e4""],[""e0"",""e2"",""e4""]]"
case-000286,sampled-window,False,0,False,,,null
case-000287,sampled-window,True,1,False,,,"[[""e1"",""e2"",""e3"",""e4""],[""e1"",""e2"",""e3"",""e4""]]"
case-000288,sampled-window,False,0,False,,,null
case-000289,sampled-window,True,1,False,,,"[[""e0"",""e1"",""e2"",""e3""],[""e0"",""e1"",""e2"",""e3""]]"
case-000290,sampled-window,True,2,False,,,"[[""e0"",""e2""],[""e0"",""e1"",""e2""]]"
case-000291,sampled-window,True,4,False,,,"[[""e0"",""e1""],[""e0"",""e1"",""e2"",""e4""]]"
case-000292,sampled-window,False,0,False,,,null
case-000293,sampled-window,True,2,False,,,"[[""e0"",""e1"",""e4""],[""e0"",""e1"",""e3"",""e4""]]"
case-000294,sampled-window,False,0,False,,,null
case-000295,sampled-window,True,12,True,,,"[[],[""e0"",""e1"",""e2"",""e3""]]"
case-000296,sampled-window,False,0,False,,,null
case-000297,sampled-window,True,14,True,,,"[[],[""e0"",""e1"",""e2"",""e4"",""e5""]]"
case-000298,sampled-window,True,2,False,,,"[[""e2""],[""e0"",""e2""]]"
case-000299,sampled-window,True,1,True,,,"[[""e0"",""e2"",""e3"",""e4""],[""e0"",""e2"",""e3"",""e4""]]"
case-000300,sampled-window,False,0,False,,,null
case-000301,sampled-window,True,4,True,,,"[[],[""e1"",""e2""]]"
case-000302,sampled-window,False,0,False,,,null
case-000303,sampled-window,True,4,False,,,"[[""e0"",""e1"",""e2""],[""e0"",""e1"",""e2"",""e3"",""e5""]]"
case-000304,sampled-window,False,0,False,,,null
case-000305,sampled-window,True,8,True,,,"[[""e0""],[""e0"",""e1"",""e2"",""e3"",""e4""]]"
case-000306,sampled-window,True,1,False,,,"[[""e0"",""e1"",""e3"",""e4"",""e5""],[""e0"",""e1"",""e3"",""e4"",""e5""]]"
case-000307,sampled-window,True,6,True,,,"[[],[""e0"",""e1"",""e3""]]"
case-000308,sampled-window,False,0,False,,,null
case-000309,sampled-window,True,10,True,,,"[[""e0"",""e2""],[""e0"",""e1"",""e2"",""e3"",""e4"",""e5""]]"
case-000310,sampled-window,False,0,False,,,null
case-000311,sampled-window,True,4,False,,,"[[""e0"",""e1"",""e3""],[""e0"",""e1"",""e2"",""e3"",""e4""]]"
case-000312,sampled-window,False,0,False,,,null
case-000313,sampled-window,True,2,True,,,"[[""e0"",""e1""],[""e0"",""e1"",""e2""]]"
case-000314,sampled-window,True,4,False,,,"[[""e0"",""e1"",""e4""],[""e0"",""e1"",""e2"",""e3"",""e4""]]"
case-000315,sampled-window,True,6,True,,,"[[],[""e1"",""e2"",""e4""]]"
case-000316,sampled-window,False,0,False,,,null
case-000317,sampled-window,True,2,False,,,"[[""e4""],[""e0"",""e4""]]"
case-000318,sampled-window,False,0,False,,,null
case-000319,sampled-window,True,12,True,,,"[[],[""e0"",""e1"",""e2"",""e3""]]"
case-000320,sampled-window,False,0,False,,,null
case-000321,sampled-window,True,12,False,,,"[[""e5""],[""e0"",""e1"",""e2"",""e3"",""e4"",""e5""]]"
case-000322,sampled-window,True,1,False,,,"[[""e2""],[""e2""]]"
case-000323,sampled-window,True,2,True,,,"[[""e3""],[""e1"",""e3""]]"
case-000324,sampled-window,False,0,False,,,null
case-000325,sampled-window,True,2,False,,,"[[""e0"",""e2""],[""e0"",""e1"",""e2""]]"
case-000326,sampled-window,False,0,False,,,null
case-000327,sampled-window,True,10,True,,,"[[""e1""],[""e0"",""e1"",""e2"",""e3"",""e4""]]"
case-000328,sampled-window,True,1,True,,,"[[""e0"",""e1"",""e2"",""e3""],[""e0"",""e1"",""e2"",""e3""]]"
case-000329,sampled-window,True,3,True,,,"[[""e1"",""e2"",""e3""],[""e0"",""e1"",""e2"",""e3"",""e4""]]"
case-000330,sampled-window,False,0,False,,,null
case-000331,sampled-window,True,4,False,,,"[[""e0""],[""e0"",""e1"",""e2""]]"
case-000332,sampled-window,False,0,False,,,null
case-000333,sampled-window,True,2,False,,,"[[""e0"",""e5""],[""e0"",""e2"",""e5""]]"
case-000334,sampled-window,False,0,False,,,null
case-000335,sampled-window,True,1,True,,,"[[""e0"",""e1"",""e2""],[""e0"",""e1"",""e2""]]"
case-000336,sampled-window,False,0,False,,,null
case-000337,sampled-window,True,4,False,,,"[[""e0""],[""e0"",""e1"",""e2""]]"
case-000338,sampled-window,False,0,False,,,null
case-000339,sampled-window,True,2,False,,,"[[""e0"",""e1"",""e4""],[""e0"",""e1"",""e3"",""e4""]]"
case-000340,sampled-window,False,0,False,,,null
case-000341,sampled-window,True,2,False,,,"[[""e2""],[""e1"",""e2""]]"
case-000342,sampled-window,False,0,False,,,null
case-000343,sampled-window,True,2,True,,,"[[""e2""],[""e1"",""e2""]]"
case-000344,sampled-window,False,0,False,,,null
case-000345,sampled-window,True,3,True,,,"[[""e0"",""e1"",""e2""],[""e0"",""e1"",""e2"",""e3"",""e4""]]"
case-000346,sampled-window,True,1,False,,,"[[""e0"",""e1""],[""e0"",""e1""]]"
case-000347,sampled-window,True,3,True,,,"[[],[""e1"",""e4""]]"
case-000348,sampled-window,False,0,False,,,null
case-000349,sampled-window,True,2,False,,,"[[""e0"",""e1""],[""e0"",""e1"",""e2""]]"
case-000350,sampled-window,False,0,False,,,null
case-000351,sampled-window,True,2,False,,,"[[""e0"",""e1"",""e2"",""e3"",""e4""],[""e0"",""e1"",""e2"",""e3"",""e4"",""e5""]]"
case-000352,sampled-window,False,0,False,,,null
case-000353,sampled-window,True,4,True,,,"[[""e0""],[""e0"",""e1"",""e3"",""e4""]]"
case-000354,sampled-window,True,1,False,,,"[[""e5""],[""e5""]]"
case-000355,sampled-window,True,1,False,,,"[[""e0"",""e1"",""e2"",""e3""],[""e0"",""e1"",""e2"",""e3""]]"
case-000356,sampled-window,True,1,False,,,"[[""e1"",""e4""],[""e1"",""e4""]]"
case-000357,sampled-window,True,1,False,,,"[[""e1"",""e2"",""e3"",""e4""],[""e1"",""e2"",""e3"",""e4""]]"
case-000358,sampled-window,True,4,True,,,"[[""e0""],[""e0"",""e1"",""e2""]]"
case-000359,sampled-window,True,2,True,,,"[[""e0"",""e1"",""e3""],[""e0"",""e1"",""e3"",""e4""]]"
case-000360,sampled-window,False,0,False,,,null
case-000361,sampled-window,True,2,False,,,"[[""e0""],[""e0"",""e1""]]"
case-000362,sampled-window,False,0,False,,,null
case-000363,sampled-window,True,8,False,,,"[[""e1""],[""e1"",""e2"",""e3"",""e4""]]"
case-000364,sampled-window,False,0,False,,,null
case-000365,sampled-window,True,1,False,,,"[[""e0"",""e2""],[""e0"",""e2""]]"
case-000366,sampled-window,False,0,False,,,null
case-000367,sampled-window,True,1,False,,,"[[""e0"",""e1"",""e3""],[""e0"",""e1"",""e3""]]"
case-000368,sampled-window,False,0,False,,,null
case-000369,sampled-window,True,32,True,,,"[[],[""e0"",""e1"",""e2"",""e3"",""e5""]]"
case-000370,sampled-window,True,2,False,,,"[[""e1""],[""e1"",""e3""]]"
case-000371,sampled-window,True,12,True,,,"[[""e1""],[""e0"",""e1"",""e2"",""e3"",""e4""]]"
case-000372,sampled-window,False,0,False,,,null
case-000373,sampled-window,True,1,False,,,"[[""e0"",""e1""],[""e0"",""e1""]]"
case-000374,sampled-window,False,0,False,,,null
case-000375,sampled-window,True,2,False,,,"[[""e0"",""e3""],[""e0"",""e1"",""e3""]]"
case-000376,sampled-window,False,0,False,,,null
case-000377,sampled-window,True,1,False,,,"[[""e0"",""e1"",""e2"",""e3"",""e4""],[""e0"",""e1"",""e2"",""e3"",""e4""]]"
case-000378,sampled-window,False,0,False,,,null
case-000379,sampled-window,True,3,False,,,"[[""e0"",""e3""],[""e0"",""e1"",""e2"",""e3""]]"
case-000380,sampled-window,True,2,False,,,"[[""e3""],[""e1"",""e3""]]"
case-000381,sampled-window,True,1,False,,,"[[""e1"",""e3""],[""e1"",""e3""]]"
case-000382,sampled-window,True,2,False,,,"[[""e0"",""e1"",""e2""],[""e0"",""e1"",""e2"",""e3""]]"
case-000383,sampled-window,True,2,True,,,"[[""e0"",""e2""],[""e0"",""e2"",""e3""]]"
case-000384,sampled-window,False,0,False,,,null
case-000385,sampled-window,True,6,True,,,"[[],[""e0"",""e2"",""e3""]]"
case-000386,sampled-window,True,2,False,,,"[[""e0"",""e2"",""e3"",""e4""],[""e0"",""e1"",""e2"",""e3"",""e4""]]"
case-000387,sampled-window,True,9,True,,,"[[],[""e0"",""e1"",""e2"",""e3""]]"
case-000388,sampled-window,False,0,False,,,null
case-000389,sampled-window,True,6,False,,,"[[""e1""],[""e0"",""e1"",""e2"",""e3""]]"
case-000390,sampled-window,False,0,False,,,null
case-000391,sampled-window,True,4,True,,,"[[""e0"",""e1""],[""e0"",""e1"",""e2"",""e3""]]"
case-000392,sampled-window,False,0,False,,,null
case-000393,sampled-window,True,1,False,,,"[[""e2"",""e3"",""e5""],[""e2"",""e3"",""e5""]]"
case-000394,sampled-window,True,1,False,,,"[[""e0"",""e2""],[""e0"",""e2""]]"
case-000395,sampled-window,True,2,False,,,"[[""e0"",""e1"",""e4""],[""e0"",""e1"",""e2"",""e4""]]"
case-000396,sampled-window,True,2,False,,,"[[""e0"",""e1"",""e4"",""e5""],[""e0"",""e1"",""e3"",""e4"",""e5""]]"
case-000397,sampled-window,True,2,True,,,"[[""e1"",""e2""],[""e0"",""e1"",""e2""]]"
case-000398,sampled-window,False,0,False,,,null
case-000399,sampled-window,True,1,True,,,"[[""e0"",""e1"",""e2"",""e3"",""e4"",""e5""],[""e0"",""e1"",""e2"",""e3"",""e4"",""e5""]]"
case-000400,sampled-window,False,0,False,,,null
case-000401,sampled-window,True,1,True,,,"[[""e0"",""e2"",""e3"",""e4""],[""e0"",""e2"",""e3"",""e4""]]"
case-000402,sampled-window,False,0,False,,,null
case-000403,sampled-window,True,3,True,,,"[[""e1""],[""e0"",""e1"",""e2""]]"
case-000404,sampled-window,True,1,False,,,"[[""e0"",""e1"",""e2"",""e3""],[""e0"",""e1"",""e2"",""e3""]]"
case-000405,sampled-window,True,1,True,,,"[[""e0"",""e1"",""e2"",""e3""],[""e0"",""e1"",""e2"",""e3""]]"
case-000406,sampled-window,False,0,False,,,null
case-000407,sampled-window,True,1,False,,,"[[""e1"",""e2"",""e3""],[""e1"",""e2"",""e3""]]"
case-000408,sampled-window,True,1,False,,,"[[""e0"",""e1"",""e3"",""e4"",""e5""],[""e0"",""e1"",""e3"",""e4"",""e5""]]"
case-000409,sampled-window,True,1,False,,,"[[""e0"",""e1""],[""e0"",""e1""]]"
case-000410,sampled-window,False,0,False,,,null
case-000411,sampled-window,True,1,False,,,"[[""e0"",""e1"",""e2"",""e3"",""e5""],[""e0"",""e1"",""e2"",""e3"",""e5""]]"
case-000412,sampled-window,False,0,False,,,null
case-000413,sampled-window,True,2,True,,,"[[""e0"",""e1"",""e2"",""e4""],[""e0"",""e1"",""e2"",""e3"",""e4""]]"
case-000414,sampled-window,False,0,False,,,null
case-000415,sampled-window,True,2,True,,,"[[""e1"",""e2"",""e3""],[""e0"",""e1"",""e2"",""e3""]]"
case-000416,sampled-window,False,0,False,,,null
case-000417,sampled-window,True,2,False,,,"[[""e1"",""e3""],[""e1"",""e2"",""e3""]]"
case-000418,sampled-window,False,0,False,,,null
case-000419,sampled-window,True,2,False,,,"[[""e0"",""e1"",""e2""],[""e0"",""e1"",""e2"",""e3""]]"
case-000420,sampled-window,False,0,False,,,null
case-000421,sampled-window,True,6,True,,,"[[],[""e0"",""e1"",""e3""]]"
case-000422,sampled-window,True,2,True,,,"[[""e2""],[""e0"",""e2""]]"
case-000423,sampled-window,True,18,True,,,"[[],[""e0"",""e1"",""e2"",""e3"",""e4""]]"
case-000424,sampled-window,False,0,False,,,null
case-000425,sampled-window,True,4,True,,,"[[""e0"",""e2""],[""e0"",""e1"",""e2"",""e4""]]"
case-000426,sampled-window,False,0,False,,,null
case-000427,sampled-window,True,2,False,,,"[[""e0"",""e1"",""e3""],[""e0"",""e1"",""e2"",""e3""]]"
case-000428,sampled-window,True,12,True,,,"[[],[""e0"",""e1"",""e2"",""e3"",""e4""]]"
case-000429,sampled-window,True,2,False,,,"[[""e0"",""e1"",""e2"",""e3"",""e4""],[""e0"",""e1"",""e2"",""e3"",""e4"",""e5""]]"
case-000430,sampled-window,False,0,False,,,null
case-000431,sampled-window,True,6,False,,,"[[""e1"",""e3""],[""e0"",""e1"",""e2"",""e3"",""e4""]]"
case-000432,sampled-window,False,0,False,,,null
case-000433,sampled-window,True,3,True,,,"[[],[""e2"",""e3""]]"
case-000434,sampled-window,False,0,False,,,null
case-000435,sampled-window,True,1,False,,,"[[""e0"",""e1"",""e2""],[""e0"",""e1"",""e2""]]"
case-000436,sampled-window,False,0,False,,,null
case-000437,sampled-window,True,1,False,,,"[[""e0"",""e1"",""e3"",""e4""],[""e0"",""e1"",""e3"",""e4""]]"
case-000438,sampled-window,True,1,False,,,"[[""e0"",""e1"",""e2"",""e3"",""e4"",""e5""],[""e0"",""e1"",""e2"",""e3"",""e4"",""e5""]]"
case-000439,sampled-window,True,4,False,,,"[[""e0"",""e3""],[""e0"",""e1"",""e2"",""e3""]]"
case-000440,sampled-window,False,0,False,,,null
case-000441,sampled-window,True,2,False,,,"[[""e0"",""e1"",""e2""],[""e0"",""e1"",""e2"",""e5""]]"
case-000442,sampled-window,False,0,False,,,null
case-000443,sampled-window,True,2,False,,,"[[""e0"",""e1"",""e2"",""e3""],[""e0"",""e1"",""e2"",""e3"",""e4""]]"
case-000444,sampled-window,True,7,True,,,"[[],[""e1"",""e2"",""e3"",""e4""]]"
case-000445,sampled-window,True,4,True,,,"[[],[""e0"",""e1"",""e3""]]"
case-000446,sampled-window,False,0,False,,,null
case-000447,sampled-window,True,6,False,,,"[[""e0""],[""e0"",""e1"",""e2"",""e3""]]"
case-000448,sampled-window,True,2,False,,,"[[""e0"",""e1""],[""e0"",""e1"",""e3""]]"
case-000449,sampled-window,True,1,False,,,"[[""e0"",""e1"",""e2"",""e3"",""e4""],[""e0"",""e1"",""e2"",""e3"",""e4""]]"
case-000450,sampled-window,False,0,False,,,null
case-000451,sampled-window,True,4,True,,,"[[""e0"",""e2""],[""e0"",""e1"",""e2"",""e3""]]"
case-000452,sampled-window,False,0,False,,,null
case-000453,sampled-window,True,12,False,,,"[[""e1"",""e2""],[""e0"",""e1"",""e2"",""e3"",""e4"",""e5""]]"
case-000454,sampled-window,True,1,False,,,"[[""e0"",""e1""],[""e0"",""e1""]]"
case-000455,sampled-window,True,2,False,,,"[[""e0""],[""e0"",""e1""]]"
case-000456,sampled-window,False,0,False,,,null
case-000457,sampled-window,True,1,False,,,"[[""e1"",""e3""],[""e1"",""e3""]]"
case-000458,sampled-window,True,1,False,,,"[[""e0"",""e1"",""e4""],[""e0"",""e1"",""e4""]]"
case-000459,sampled-window,True,1,False,,,"[[""e0"",""e3""],[""e0"",""e3""]]"
case-000460,sampled-window,True,1,False,,,"[[""e0"",""e1"",""e2"",""e3""],[""e0"",""e1"",""e2"",""e3""]]"
case-000461,sampled-window,True,6,False,,,"[[""e0"",""e3""],[""e0"",""e1"",""e2"",""e3"",""e4""]]"
case-000462,sampled-window,False,0,False,,,null
case-000463,sampled-window,True,2,True,,,"[[""e1""],[""e0"",""e1""]]"
case-000464,sampled-window,False,0,False,,,null
case-000465,sampled-window,True,1,False,,,"[[""e0"",""e2"",""e3"",""e5""],[""e0"",""e2"",""e3"",""e5""]]"
case-000466,sampled-window,False,0,False,,,null
case-000467,sampled-window,True,2,False,,,"[[""e0"",""e2""],[""e0"",""e2"",""e4""]]"
case-000468,sampled-window,True,1,False,,,"[[""e1"",""e2""],[""e1"",""e2""]]"
case-000469,sampled-window,True,2,True,,,"[[""e0"",""e1"",""e3""],[""e0"",""e1"",""e2"",""e3""]]"
case-000470,sampled-window,False,0,False,,,null
case-000471,sampled-window,True,2,False,,,"[[""e0"",""e1"",""e2"",""e4""],[""e0"",""e1"",""e2"",""e4"",""e5""]]"
case-000472,sampled-window,True,1,True,,,"[[""e0"",""e1"",""e2"",""e3""],[""e0"",""e1"",""e2"",""e3""]]"
case-000473,sampled-window,True,1,True,,,"[[""e0"",""e1"",""e2"",""e3"",""e4""],[""e0"",""e1"",""e2"",""e3"",""e4""]]"
case-000474,sampled-window,False,0,False,,,null
case-000475,sampled-window,True,2,True,,,"[[""e1"",""e2"",""e3""],[""e0"",""e1"",""e2"",""e3""]]"
case-000476,sampled-window,False,0,False,,,null
case-000477,sampled-window,True,1,True,,,"[[""e0"",""e1"",""e4"",""e5""],[""e0"",""e1"",""e4"",""e5""]]"
case-000478,sampled-window,False,0,False,,,null
case-000479,sampled-window,True,8,True,,,"[[""e0""],[""e0"",""e1"",""e2"",""e4""]]"
case-000480,sampled-window,False,0,False,,,null
case-000481,sampled-window,True,1,False,,,"[[""e1""],[""e1""]]"
case-000482,sampled-window,False,0,False,,,null
case-000483,sampled-window,True,6,True,,,"[[""e1"",""e3""],[""e0"",""e1"",""e2"",""e3"",""e5""]]"
case-000484,sampled-window,False,0,False,,,null
case-000485,sampled-window,True,2,True,,,"[[""e0"",""e2"",""e3"",""e4""],[""e0"",""e1"",""e2"",""e3"",""e4""]]"
case-000486,sampled-window,False,0,False,,,null
case-000487,sampled-window,True,2,False,,,"[[""e0"",""e3""],[""e0"",""e2"",""e3""]]"
case-000488,sampled-window,False,0,False,,,null
case-000489,sampled-window,True,4,False,,,"[[""e0"",""e2""],[""e0"",""e1"",""e2"",""e3""]]"
case-000490,sampled-window,False,0,False,,,null
case-000491,sampled-window,True,4,False,,,"[[""e1"",""e3""],[""e0"",""e1"",""e2"",""e3""]]"
case-000492,sampled-window,False,0,False,,,null
case-000493,sampled-window,True,2,False,,,"[[""e0"",""e1"",""e2""],[""e0"",""e1"",""e2"",""e3""]]"
case-000494,sampled-window,True,3,False,,,"[[""e1"",""e2""],[""e0"",""e1"",""e2"",""e3""]]"
case-000495,sampled-window,True,2,True,,,"[[""e1"",""e2"",""e3"",""e5""],[""e1"",""e2"",""e3"",""e4"",""e5""]]"
case-000496,sampled-window,True,1,False,,,"[[""e0"",""e1"",""e2"",""e3""],[""e0"",""e1"",""e2"",""e3""]]"
case-000497,sampled-window,True,1,False,,,"[[""e0"",""e1"",""e2""],[""e0"",""e1"",""e2""]]"
case-000498,sampled-window,False,0,False,,,null
case-000499,sampled-window,True,4,True,,,"[[""e3""],[""e0"",""e1"",""e3""]]"
case-000500,sampled-window,False,0,False,,,null
case-000501,sampled-window,True,2,True,,,"[[""e0"",""e1"",""e4""],[""e0"",""e1"",""e3"",""e4""]]"
case-000502,sampled-window,False,0,False,,,null
case-000503,sampled-window,True,2,False,,,"[[""e1"",""e3""],[""e1"",""e2"",""e3""]]"
case-000504,sampled-window,False,0,False,,,null
case-000505,sampled-window,True,1,False,,,"[[""e2"",""e3""],[""e2"",""e3""]]"
case-000506,sampled-window,False,0,False,,,null
case-000507,sampled-window,True,6,True,,,"[[""e0""],[""e0"",""e2"",""e4"",""e5""]]"
case-000508,sampled-window,True,1,False,,,"[[""e1"",""e3""],[""e1"",""e3""]]"
case-000509,sampled-window,True,3,False,,,"[[""e2""],[""e1"",""e2"",""e4""]]"
case-000510,sampled-window,False,0,False,,,null
case-000511,sampled-window,True,6,True,,,"[[],[""e1"",""e2"",""e3""]]"
case-000512,sampled-window,False,0,False,,,null
case-000513,sampled-window,True,9,True,,,"[[""e1""],[""e0"",""e1"",""e2"",""e3"",""e4"",""e5""]]"
case-000514,sampled-window,True,1,False,,,"[[""e1"",""e2"",""e3""],[""e1"",""e2"",""e3""]]"
case-000515,sampled-window,True,1,True,,,"[[""e1"",""e2"",""e3"",""e4""],[""e1"",""e2"",""e3"",""e4""]]"
case-000516,sampled-window,True,1,False,,,"[[""e0"",""e1"",""e2"",""e3"",""e4""],[""e0"",""e1"",""e2"",""e3"",""e4""]]"
case-000517,sampled-window,True,2,True,,,"[[],[""e1""]]"
case-000518,sampled-window,True,2,False,,,"[[""e0"",""e1"",""e4""],[""e0"",""e1"",""e2"",""e4""]]"
case-000519,sampled-window,True,12,True,,,"[[""e2"",""e4""],[""e0"",""e1"",""e2"",""e3"",""e4"",""e5""]]"
case-000520,sampled-window,False,0,False,,,null
case-000521,sampled-window,True,2,False,,,"[[""e0"",""e1"",""e2""],[""e0"",""e1"",""e2"",""e3""]]"
case-000522,sampled-window,False,0,False,,,null
case-000523,sampled-window,True,2,True,,,"[[""e0"",""e2""],[""e0"",""e2"",""e3""]]"
case-000524,sampled-window,False,0,False,,,null
case-000525,sampled-window,True,1,False,,,"[[""e0"",""e1"",""e2"",""e3""],[""e0"",""e1"",""e2"",""e3""]]"
case-000526,sampled-window,False,0,False,,,null
case-000527,sampled-window,True,1,True,,,"[[""e1""],[""e1""]]"
case-000528,sampled-window,False,0,False,,,null
case-000529,sampled-window,True,1,False,,,"[[""e2""],[""e2""]]"
case-000530,sampled-window,True,3,True,,,"[[""e2"",""e3"",""e4""],[""e0"",""e1"",""e2"",""e3"",""e4""]]"
case-000531,sampled-window,True,6,True,,,"[[""e4""],[""e0"",""e1"",""e4"",""e5""]]"
case-000532,sampled-window,False,0,False,,,null
case-000533,sampled-window,True,12,True,,,"[[""e4""],[""e0"",""e1"",""e2"",""e3"",""e4""]]"
case-000534,sampled-window,False,0,False,,,null
case-000535,sampled-window,True,12,True,,,"[[],[""e0"",""e1"",""e2"",""e3""]]"
case-000536,sampled-window,False,0,False,,,null
case-000537,sampled-window,True,1,False,,,"[[""e0"",""e1"",""e3""],[""e0"",""e1"",""e3""]]"
case-000538,sampled-window,False,0,False,,,null
case-000539,sampled-window,True,4,True,,,"[[""e0"",""e1""],[""e0"",""e1"",""e3"",""e4""]]"
case-000540,sampled-window,False,0,False,,,null
case-000541,sampled-window,True,8,True,,,"[[""e0""],[""e0"",""e1"",""e2"",""e3""]]"
case-000542,sampled-window,False,0,False,,,null
case-000543,sampled-window,True,4,False,,,"[[""e2""],[""e0"",""e1"",""e2""]]"
case-000544,sampled-window,True,2,True,,,"[[""e0"",""e1"",""e3""],[""e0"",""e1"",""e2"",""e3""]]"
case-000545,sampled-window,True,2,True,,,"[[""e0"",""e1"",""e2""],[""e0"",""e1"",""e2"",""e4""]]"
case-000546,sampled-window,True,1,False,,,"[[""e1"",""e2"",""e3"",""e4""],[""e1"",""e2"",""e3"",""e4""]]"
case-000547,sampled-window,True,1,False,,,"[[""e0"",""e2""],[""e0"",""e2""]]"
case-000548,sampled-window,True,1,False,,,"[[""e2"",""e3"",""e4""],[""e2"",""e3"",""e4""]]"
case-000549,sampled-window,True,4,False,,,"[[""e0"",""e2"",""e3""],[""e0"",""e1"",""e2"",""e3"",""e4""]]"
case-000550,sampled-window,False,0,False,,,null
case-000551,sampled-window,True,4,False,,,"[[""e0"",""e2"",""e3""],[""e0"",""e1"",""e2"",""e3"",""e4""]]"
case-000552,sampled-window,False,0,False,,,null
case-000553,sampled-window,True,2,True,,,"[[""e0"",""e2"",""e3""],[""e0"",""e1"",""e2"",""e3""]]"
case-000554,sampled-window,False,0,False,,,null
case-000555,sampled-window,True,1,False,,,"[[""e3"",""e5""],[""e3"",""e5""]]"
case-000556,sampled-window,True,1,False,,,"[[""e1"",""e2"",""e3""],[""e1"",""e2"",""e3""]]"
case-000557,sampled-window,True,6,False,,,"[[""e0""],[""e0"",""e1"",""e3"",""e4""]]"
case-000558,sampled-window,False,0,False,,,null
case-000559,sampled-window,True,1,False,,,"[[""e1"",""e2"",""e3""],[""e1"",""e2"",""e3""]]"
case-000560,sampled-window,False,0,False,,,null
case-000561,sampled-window,True,3,False,,,"[[""e2"",""e3"",""e5""],[""e0"",""e1"",""e2"",""e3"",""e5""]]"
case-000562,sampled-window,False,0,False,,,null
case-000563,sampled-window,True,1,False,,,"[[""e0""],[""e0""]]"
case-000564,sampled-window,False,0,False,,,null
case-000565,sampled-window,True,4,False,,,"[[""e0"",""e1""],[""e0"",""e1"",""e2"",""e3""]]"
case-000566,sampled-window,False,0,False,,,null
case-000567,sampled-window,True,4,False,,,"[[""e0"",""e1"",""e2""],[""e0"",""e1"",""e2"",""e4"",""e5""]]"
case-000568,sampled-window,False,0,False,,,null
case-000569,sampled-window,True,2,True,,,"[[""e0"",""e1"",""e2"",""e3""],[""e0"",""e1"",""e2"",""e3"",""e4""]]"
case-000570,sampled-window,False,0,False,,,null
case-000571,sampled-window,True,1,True,,,"[[""e0"",""e1"",""e2"",""e3""],[""e0"",""e1"",""e2"",""e3""]]"
case-000572,sampled-window,True,8,True,,,"[[],[""e0"",""e1"",""e4""]]"
case-000573,sampled-window,True,1,False,,,"[[""e0"",""e1"",""e2"",""e4"",""e5""],[""e0"",""e1"",""e2"",""e4"",""e5""]]"
case-000574,sampled-window,False,0,False,,,null
case-000575,sampled-window,True,8,True,,,"[[],[""e0"",""e2"",""e4""]]"
case-000576,sampled-window,False,0,False,,,null
case-000577,sampled-window,True,6,True,,,"[[],[""e0"",""e2"",""e3""]]"
case-000578,sampled-window,False,0,False,,,null
case-000579,sampled-window,True,2,True,,,"[[""e0"",""e2"",""e5""],[""e0"",""e1"",""e2"",""e5""]]"
case-000580,sampled-window,True,1,True,,,"[[""e0"",""e1"",""e2""],[""e0"",""e1"",""e2""]]"
case-000581,sampled-window,True,4,False,,,"[[""e0"",""e2""],[""e0"",""e1"",""e2"",""e3""]]"
case-000582,sampled-window,False,0,False,,,null
case-000583,sampled-window,True,1,False,,,"[[""e0"",""e2"",""e3""],[""e0"",""e2"",""e3""]]"
case-000584,sampled-window,False,0,False,,,null
case-000585,sampled-window,True,2,False,,,"[[""e1"",""e3"",""e4""],[""e1"",""e3"",""e4"",""e5""]]"
case-000586,sampled-window,True,2,False,,,"[[""e0"",""e1"",""e2""],[""e0"",""e1"",""e2"",""e3""]]"
case-000587,sampled-window,True,8,False,,,"[[""e0"",""e1""],[""e0"",""e1"",""e2"",""e3"",""e4""]]"
case-000588,sampled-window,False,0,False,,,null
case-000589,sampled-window,True,4,True,,,"[[""e1"",""e2""],[""e0"",""e1"",""e2"",""e3""]]"
case-000590,sampled-window,False,0,False,,,null
case-000591,sampled-window,True,2,True,,,"[[""e0"",""e2"",""e3"",""e5""],[""e0"",""e1"",""e2"",""e3"",""e5""]]"
case-000592,sampled-window,True,1,False,,,"[[""e1"",""e2""],[""e1"",""e2""]]"
case-000593,sampled-window,True,1,False,,,"[[""e0"",""e1"",""e3"",""e4""],[""e0"",""e1"",""e3"",""e4""]]"
case-000594,sampled-window,True,1,False,,,"[[""e0"",""e1"",""e2"",""e3"",""e5""],[""e0"",""e1"",""e2"",""e3"",""e5""]]"
case-000595,sampled-window,True,2,False,,,"[[""e0"",""e1""],[""e0"",""e1"",""e3""]]"
case-000596,sampled-window,False,0,False,,,null
case-000597,sampled-window,True,8,False,,,"[[""e3"",""e4""],[""e0"",""e1"",""e2"",""e3"",""e4""]]"
case-000598,sampled-window,True,2,False,,,"[[""e2""],[""e1"",""e2""]]"
case-000599,sampled-window,True,3,False,,,"[[""e2""],[""e0"",""e2"",""e3""]]"
case-000600,sampled-window,True,1,False,,,"[[""e0"",""e1"",""e2"",""e3"",""e4""],[""e0"",""e1"",""e2"",""e3"",""e4""]]"
case-000601,sampled-window,True,8,True,,,"[[""e3""],[""e0"",""e1"",""e2"",""e3""]]"
case-000602,sampled-window,False,0,False,,,null
case-000603,sampled-window,True,6,True,,,"[[""e1"",""e4""],[""e0"",""e1"",""e2"",""e4"",""e5""]]"
case-000604,sampled-window,True,1,True,,,"[[""e0"",""e1"",""e2""],[""e0"",""e1"",""e2""]]"
case-000605,sampled-window,True,12,False,,,"[[""e0""],[""e0"",""e1"",""e2"",""e3"",""e4""]]"
case-000606,sampled-window,False,0,False,,,null
case-000607,sampled-window,True,1,False,,,"[[""e0"",""e1""],[""e0"",""e1""]]"
case-000608,sampled-window,True,2,False,,,"[[""e1"",""e2""],[""e1"",""e2"",""e3""]]"
case-000609,sampled-window,True,1,False,,,"[[""e0"",""e1"",""e2"",""e3"",""e5""],[""e0"",""e1"",""e2"",""e3"",""e5""]]"
case-000610,sampled-window,False,0,False,,,null
case-000611,sampled-window,True,6,True,,,"[[""e0"",""e4""],[""e0"",""e1"",""e2"",""e3"",""e4""]]"
case-000612,sampled-window,False,0,False,,,null
case-000613,sampled-window,True,2,True,,,"[[],[""e0""]]"
case-000614,sampled-window,True,2,True,,,"[[""e0"",""e1"",""e2"",""e4""],[""e0"",""e1"",""e2"",""e3"",""e4""]]"
case-000615,sampled-window,True,2,True,,,"[[""e1"",""e3""],[""e1"",""e3"",""e4""]]"
case-000616,sampled-window,False,0,False,,,null
case-000617,sampled-window,True,1,False,,,"[[""e0"",""e1"",""e4""],[""e0"",""e1"",""e4""]]"
case-000618,sampled-window,True,1,False,,,"[[""e0"",""e1"",""e5""],[""e0"",""e1"",""e5""]]"
case-000619,sampled-window,True,1,False,,,"[[""e1"",""e2"",""e3""],[""e1"",""e2"",""e3""]]"
case-000620,sampled-window,False,0,False,,,null
case-000621,sampled-window,True,2,False,,,"[[""e0"",""e1"",""e2"",""e3"",""e4""],[""e0"",""e1"",""e2"",""e3"",""e4"",""e5""]]"
case-000622,sampled-window,True,4,False,,,"[[""e1"",""e2""],[""e0"",""e1"",""e2"",""e3""]]"
case-000623,sampled-window,True,1,False,,,"[[""e0"",""e1"",""e2"",""e3""],[""e0"",""e1"",""e2"",""e3""]]"
case-000624,sampled-window,False,0,False,,,null
case-000625,sampled-window,True,1,True,,,"[[""e0"",""e1"",""e2"",""e3""],[""e0"",""e1"",""e2"",""e3""]]"
case-000626,sampled-window,False,0,False,,,null
case-000627,sampled-window,True,6,False,,,"[[""e1""],[""e0"",""e1"",""e2"",""e3""]]"
case-000628,sampled-window,False,0,False,,,null
case-000629,sampled-window,True,10,True,,,"[[],[""e1"",""e2"",""e3"",""e4""]]"
case-000630,sampled-window,False,0,False,,,null
case-000631,sampled-window,True,1,False,,,"[[""e0"",""e1"",""e3""],[""e0"",""e1"",""e3""]]"
case-000632,sampled-window,False,0,False,,,null
case-000633,sampled-window,True,3,True,,,"[[""e0"",""e2"",""e3"",""e5""],[""e0"",""e1"",""e2"",""e3"",""e4"",""e5""]]"
case-000634,sampled-window,True,1,False,,,"[[""e0"",""e1""],[""e0"",""e1""]]"
case-000635,sampled-window,True,4,False,,,"[[""e0"",""e1"",""e2""],[""e0"",""e1"",""e2"",""e3"",""e4""]]"
case-000636,sampled-window,False,0,False,,,null
case-000637,sampled-window,True,1,False,,,"[[""e0"",""e2""],[""e0"",""e2""]]"
case-000638,sampled-window,False,0,False,,,null
case-000639,sampled-window,True,1,False,,,"[[""e0"",""e2"",""e3"",""e4""],[""e0"",""e2"",""e3"",""e4""]]"
case-000640,sampled-window,False,0,False,,,null
case-000641,sampled-window,True,1,True,,,"[[""e0"",""e1"",""e3""],[""e0"",""e1"",""e3""]]"
case-000642,sampled-window,False,0,False,,,null
case-000643,sampled-window,True,1,False,,,"[[""e0"",""e1""],[""e0"",""e1""]]"
case-000644,sampled-window,False,0,False,,,null
case-000645,sampled-window,True,5,False,,,"[[""e1"",""e4""],[""e0"",""e1"",""e2"",""e3"",""e4""]]"
case-000646,sampled-window,True,1,False,,,"[[""e0"",""e1""],[""e0"",""e1""]]"
case-000647,sampled-window,True,2,False,,,"[[""e1"",""e2""],[""e0"",""e1"",""e2""]]"
case-000648,sampled-window,True,1,False,,,"[[""e2"",""e5""],[""e2"",""e5""]]"
case-000649,sampled-window,True,2,True,,,"[[""e0"",""e1"",""e3""],[""e0"",""e1"",""e2"",""e3""]]"
case-000650,sampled-window,False,0,False,,,null
case-000651,sampled-window,True,3,True,,,"[[""e1"",""e2"",""e3"",""e4""],[""e0"",""e1"",""e2"",""e3"",""e4"",""e5""]]"
case-000652,sampled-window,False,0,False,,,null
case-000653,sampled-window,True,4,False,,,"[[""e2""],[""e1"",""e2"",""e3""]]"
case-000654,sampled-window,False,0,False,,,null
case-000655,sampled-window,True,1,False,,,"[[""e0"",""e1""],[""e0"",""e1""]]"
case-000656,sampled-window,False,0,False,,,null
case-000657,sampled-window,True,3,False,,,"[[""e1"",""e5""],[""e0"",""e1"",""e2"",""e5""]]"
case-000658,sampled-window,True,2,False,,,"[[""e0"",""e3""],[""e0"",""e2"",""e3""]]"
case-000659,sampled-window,True,8,True,,,"[[""e1"",""e2""],[""e0"",""e1"",""e2"",""e3"",""e4""]]"
case-000660,sampled-window,False,0,False,,,null
case-000661,sampled-window,True,4,True,,,"[[""e0"",""e3""],[""e0"",""e1"",""e2"",""e3""]]"
case-000662,sampled-window,False,0,False,,,null
case-000663,sampled-window,True,1,True,,,"[[""e1"",""e2"",""e4"",""e5""],[""e1"",""e2"",""e4"",""e5""]]"
case-000664,sampled-window,False,0,False,,,null
case-000665,sampled-window,True,1,True,,,"[[""e0"",""e1"",""e2"",""e3"",""e4""],[""e0"",""e1"",""e2"",""e3"",""e4""]]"
case-000666,sampled-window,True,1,False,,,"[[""e0"",""e1"",""e2""],[""e0"",""e1"",""e2""]]"
case-000667,sampled-window,True,3,True,,,"[[""e0""],[""e0"",""e1"",""e2""]]"
case-000668,sampled-window,False,0,False,,,null
case-000669,sampled-window,True,1,False,,,"[[""e0"",""e1"",""e3"",""e5""],[""e0"",""e1"",""e3"",""e5""]]"
case-000670,sampled-window,False,0,False,,,null
case-000671,sampled-window,True,4,True,,,"[[""e0""],[""e0"",""e1"",""e4""]]"
case-000672,sampled-window,True,6,False,,,"[[""e4""],[""e0"",""e1"",""e2"",""e4""]]"
case-000673,sampled-window,True,4,True,,,"[[],[""e0"",""e1""]]"
case-000674,sampled-window,True,1,False,,,"[[""e0"",""e1"",""e3"",""e4""],[""e0"",""e1"",""e3"",""e4""]]"
case-000675,sampled-window,True,4,False,,,"[[""e0"",""e1"",""e2""],[""e0"",""e1"",""e2"",""e3"",""e5""]]"
case-000676,sampled-window,False,0,False,,,null
case-000677,sampled-window,True,3,False,,,"[[""e0"",""e3""],[""e0"",""e2"",""e3"",""e4""]]"
case-000678,sampled-window,False,0,False,,,null
case-000679,sampled-window,True,1,False,,,"[[""e1""],[""e1""]]"
case-000680,sampled-window,False,0,False,,,null
case-000681,sampled-window,True,2,False,,,"[[""e0"",""e1"",""e2"",""e3""],[""e0"",""e1"",""e2"",""e3"",""e4""]]"
case-000682,sampled-window,False,0,False,,,null
case-000683,sampled-window,True,1,False,,,"[[""e0"",""e1"",""e2"",""e3"",""e4""],[""e0"",""e1"",""e2"",""e3"",""e4""]]"
case-000684,sampled-window,False,0,False,,,null
case-000685,sampled-window,True,4,False,,,"[[""e0"",""e1""],[""e0"",""e1"",""e2"",""e3""]]"
case-000686,sampled-window,True,1,False,,,"[[""e0"",""e4""],[""e0"",""e4""]]"
case-000687,sampled-window,True,16,True,,,"[[],[""e0"",""e1"",""e2"",""e3"",""e4""]]"
case-000688,sampled-window,False,0,False,,,null
case-000689,sampled-window,True,2,False,,,"[[""e1"",""e2"",""e3""],[""e0"",""e1"",""e2"",""e3""]]"
case-000690,sampled-window,True,1,False,,,"[[""e1"",""e4"",""e5""],[""e1"",""e4"",""e5""]]"
case-000691,sampled-window,True,1,False,,,"[[""e0"",""e1"",""e3""],[""e0"",""e1"",""e3""]]"
case-000692,sampled-window,True,1,False,,,"[[""e1"",""e2"",""e3"",""e4""],[""e1"",""e2"",""e3"",""e4""]]"
case-000693,sampled-window,True,2,False,,,"[[""e0"",""e2"",""e3""],[""e0"",""e2"",""e3"",""e4""]]"
case-000694,sampled-window,False,0,False,,,null
case-000695,sampled-window,True,1,False,,,"[[""e0""],[""e0""]]"
case-000696,sampled-window,False,0,False,,,null
case-000697,sampled-window,True,4,False,,,"[[""e0"",""e3""],[""e0"",""e1"",""e2"",""e3""]]"
case-000698,sampled-window,False,0,False,,,null
case-000699,sampled-window,True,4,True,,,"[[""e0"",""e2"",""e4"",""e5""],[""e0"",""e1"",""e2"",""e3"",""e4"",""e5""]]"
case-000700,sampled-window,False,0,False,,,null
case-000701,sampled-window,True,2,False,,,"[[""e0"",""e1"",""e3""],[""e0"",""e1"",""e3"",""e4""]]"
case-000702,sampled-window,True,2,False,,,"[[""e2"",""e3""],[""e1"",""e2"",""e3""]]"
case-000703,sampled-window,True,1,False,,,"[[""e0"",""e1"",""e3""],[""e0"",""e1"",""e3""]]"
case-000704,sampled-window,False,0,False,,,null
case-000705,sampled-window,True,1,False,,,"[[""e2"",""e4"",""e5""],[""e2"",""e4"",""e5""]]"
case-000706,sampled-window,False,0,False,,,null
case-000707,sampled-window,True,1,False,,,"[[""e0"",""e1"",""e2""],[""e0"",""e1"",""e2""]]"
case-000708,sampled-window,False,0,False,,,null
case-000709,sampled-window,True,6,False,,,"[[""e0""],[""e0"",""e1"",""e2"",""e3""]]"
case-000710,sampled-window,False,0,False,,,null
case-000711,sampled-window,True,1,False,,,"[[""e0"",""e1"",""e2"",""e3"",""e4""],[""e0"",""e1"",""e2"",""e3"",""e4""]]"
case-000712,sampled-window,False,0,False,,,null
case-000713,sampled-window,True,1,True,,,"[[""e0"",""e2"",""e4""],[""e0"",""e2"",""e4""]]"
case-000714,sampled-window,False,0,False,,,null
case-000715,sampled-window,True,2,False,,,"[[""e0"",""e2"",""e3""],[""e0"",""e1"",""e2"",""e3""]]"
case-000716,sampled-window,False,0,False,,,null
case-000717,sampled-window,True,13,True,,,"[[],[""e0"",""e1"",""e2"",""e3"",""e5""]]"
case-000718,sampled-window,True,1,False,,,"[[""e0"",""e1"",""e2""],[""e0"",""e1"",""e2""]]"
case-000719,sampled-window,True,1,False,,,"[[""e0"",""e1""],[""e0"",""e1""]]"
case-000720,sampled-window,False,0,False,,,null
case-000721,sampled-window,True,8,True,,,"[[],[""e1"",""e2"",""e3""]]"
case-000722,sampled-window,False,0,False,,,null
case-000723,sampled-window,True,4,True,,,"[[""e0"",""e1"",""e4""],[""e0"",""e1"",""e2"",""e4"",""e5""]]"
case-000724,sampled-window,True,4,False,,,"[[""e1"",""e3""],[""e0"",""e1"",""e2"",""e3""]]"
case-000725,sampled-window,True,4,True,,,"[[""e0"",""e1"",""e4""],[""e0"",""e1"",""e2"",""e3"",""e4""]]"
case-000726,sampled-window,False,0,False,,,null
case-000727,sampled-window,True,8,True,,,"[[],[""e0"",""e1"",""e2"",""e3""]]"
case-000728,sampled-window,False,0,False,,,null
case-000729,sampled-window,True,12,True,,,"[[],[""e0"",""e1"",""e2"",""e3""]]"
case-000730,sampled-window,True,3,True,,,"[[""e2""],[""e0"",""e2"",""e3""]]"
case-000731,sampled-window,True,8,True,,,"[[],[""e0"",""e1"",""e2""]]"
case-000732,sampled-window,False,0,False,,,null
case-000733,sampled-window,True,2,False,,,"[[""e3""],[""e1"",""e3""]]"
case-000734,sampled-window,False,0,False,,,null
case-000735,sampled-window,True,6,False,,,"[[""e0""],[""e0"",""e1"",""e3"",""e4""]]"
case-000736,sampled-window,False,0,False,,,null
case-000737,sampled-window,True,1,True,,,"[[""e0"",""e1"",""e2"",""e3"",""e4""],[""e0"",""e1"",""e2"",""e3"",""e4""]]"
case-000738,sampled-window,False,0,False,,,null
case-000739,sampled-window,True,16,True,,,"[[],[""e0"",""e1"",""e2"",""e3""]]"
case-000740,sampled-window,False,0,False,,,null
case-000741,sampled-window,True,6,False,,,"[[""e1"",""e2""],[""e0"",""e1"",""e2"",""e4"",""e5""]]"
case-000742,sampled-window,False,0,False,,,null
case-000743,sampled-window,True,1,False,,,"[[""e0"",""e1"",""e2"",""e3"",""e4""],[""e0"",""e1"",""e2"",""e3"",""e4""]]"
case-000744,sampled-window,False,0,False,,,null
case-000745,sampled-window,True,2,True,,,"[[""e0""],[""e0"",""e2""]]"
case-000746,sampled-window,False,0,False,,,null
case-000747,sampled-window,True,12,False,,,"[[""e0"",""e1""],[""e0"",""e1"",""e2"",""e3"",""e4"",""e5""]]"
case-000748,sampled-window,False,0,False,,,null
case-000749,sampled-window,True,12,True,,,"[[],[""e0"",""e1"",""e2"",""e3"",""e4""]]"
case-000750,sampled-window,False,0,False,,,null
case-000751,sampled-window,True,8,True,,,"[[],[""e1"",""e2"",""e3""]]"
case-000752,sampled-window,False,0,False,,,null
case-000753,sampled-window,True,24,True,,,"[[],[""e0"",""e1"",""e2"",""e4"",""e5""]]"
case-000754,sampled-window,True,4,True,,,"[[""e0"",""e1""],[""e0"",""e1"",""e2"",""e3""]]"
case-000755,sampled-window,True,2,False,,,"[[""e0"",""e1"",""e4""],[""e0"",""e1"",""e3"",""e4""]]"
case-000756,sampled-window,False,0,False,,,null
case-000757,sampled-window,True,2,True,,,"[[""e0"",""e2"",""e3""],[""e0"",""e1"",""e2"",""e3""]]"
case-000758,sampled-window,False,0,False,,,null
case-000759,sampled-window,True,8,True,,,"[[""e1""],[""e0"",""e1"",""e2"",""e3"",""e4"",""e5""]]"
case-000760,sampled-window,False,0,False,,,null
case-000761,sampled-window,True,2,True,,,"[[],[""e0""]]"
case-000762,sampled-window,False,0,False,,,null
case-000763,sampled-window,True,12,True,,,"[[],[""e0"",""e1"",""e2"",""e3""]]"
case-000764,sampled-window,True,3,False,,,"[[""e0"",""e1""],[""e0"",""e1"",""e2"",""e4""]]"
case-000765,sampled-window,True,10,True,,,"[[""e0""],[""e0"",""e1"",""e2"",""e3"",""e5""]]"
case-000766,sampled-window,False,0,False,,,null
case-000767,sampled-window,True,2,False,,,"[[""e0"",""e4""],[""e0"",""e3"",""e4""]]"
case-000768,sampled-window,False,0,False,,,null
case-000769,sampled-window,True,8,True,,,"[[""e0""],[""e0"",""e1"",""e2"",""e3""]]"
case-000770,sampled-window,True,1,False,,,"[[""e1"",""e2""],[""e1"",""e2""]]"
case-000771,sampled-window,True,3,False,,,"[[""e0"",""e5""],[""e0"",""e1"",""e3"",""e5""]]"
case-000772,sampled-window,False,0,False,,,null
case-000773,sampled-window,True,1,False,,,"[[""e0"",""e1"",""e2"",""e3"",""e4""],[""e0"",""e1"",""e2"",""e3"",""e4""]]"
case-000774,sampled-window,False,0,False,,,null
case-000775,sampled-window,True,2,True,,,"[[""e0"",""e1"",""e2""],[""e0"",""e1"",""e2"",""e3""]]"
case-000776,sampled-window,True,16,True,,,"[[],[""e0"",""e1"",""e2"",""e3"",""e4""]]"
case-000777,sampled-window,True,8,True,,,"[[""e3""],[""e1"",""e3"",""e4"",""e5""]]"
case-000778,sampled-window,False,0,False,,,null
case-000779,sampled-window,True,6,True,,,"[[""e1""],[""e0"",""e1"",""e2"",""e3""]]"
case-000780,sampled-window,False,0,False,,,null
case-000781,sampled-window,True,8,True,,,"[[],[""e0"",""e1"",""e2"",""e3""]]"
case-000782,sampled-window,False,0,False,,,null
case-000783,sampled-window,True,16,True,,,"[[""e1""],[""e0"",""e1"",""e2"",""e3"",""e4"",""e5""]]"
case-000784,sampled-window,False,0,False,,,null
case-000785,sampled-window,True,1,False,,,"[[""e1"",""e3"",""e4""],[""e1"",""e3"",""e4""]]"
case-000786,sampled-window,False,0,False,,,null
case-000787,sampled-window,True,1,False,,,"[[""e0"",""e1"",""e2""],[""e0"",""e1"",""e2""]]"
case-000788,sampled-window,False,0,False,,,null
case-000789,sampled-window,True,4,True,,,"[[""e1""],[""e1"",""e2"",""e4""]]"
case-000790,sampled-window,False,0,False,,,null
case-000791,sampled-window,True,14,True,,,"[[],[""e0"",""e1"",""e2"",""e3"",""e4""]]"
case-000792,sampled-window,False,0,False,,,null
case-000793,sampled-window,True,4,False,,,"[[""e0"",""e3""],[""e0"",""e1"",""e2"",""e3""]]"
case-000794,sampled-window,False,0,False,,,null
case-000795,sampled-window,True,1,False,,,"[[""e0"",""e1"",""e2""],[""e0"",""e1"",""e2""]]"
case-000796,sampled-window,False,0,False,,,null
case-000797,sampled-window,True,1,True,,,"[[""e0"",""e1"",""e3"",""e4""],[""e0"",""e1"",""e3"",""e4""]]"
case-000798,sampled-window,False,0,False,,,null
case-000799,sampled-window,True,2,False,,,"[[""e0"",""e1"",""e3""],[""e0"",""e1"",""e2"",""e3""]]"
case-000800,sampled-window,False,0,False,,,null
case-000801,sampled-window,True,2,False,,,"[[""e0"",""e1"",""e2"",""e4"",""e5""],[""e0"",""e1"",""e2"",""e3"",""e4"",""e5""]]"
case-000802,sampled-window,True,2,True,,,"[[""e2""],[""e0"",""e2""]]"
case-000803,sampled-window,True,1,False,,,"[[""e0"",""e2""],[""e0"",""e2""]]"
case-000804,sampled-window,False,0,False,,,null
case-000805,sampled-window,True,1,False,,,"[[""e0"",""e1"",""e2""],[""e0"",""e1"",""e2""]]"
case-000806,sampled-window,False,0,False,,,null
case-000807,sampled-window,True,3,False,,,"[[""e0"",""e2""],[""e0"",""e1"",""e2"",""e3""]]"
case-000808,sampled-window,True,1,False,,,"[[""e0"",""e3""],[""e0"",""e3""]]"
case-000809,sampled-window,True,1,False,,,"[[""e0"",""e1"",""e2""],[""e0"",""e1"",""e2""]]"
case-000810,sampled-window,False,0,False,,,null
case-000811,sampled-window,True,2,False,,,"[[""e1"",""e2"",""e3""],[""e0"",""e1"",""e2"",""e3""]]"
case-000812,sampled-window,False,0,False,,,null
case-000813,sampled-window,True,4,False,,,"[[""e0"",""e1"",""e4""],[""e0"",""e1"",""e2"",""e4"",""e5""]]"
case-000814,sampled-window,False,0,False,,,null
case-000815,sampled-window,True,1,True,,,"[[""e0"",""e1"",""e2"",""e3""],[""e0"",""e1"",""e2"",""e3""]]"
case-000816,sampled-window,True,8,True,,,"[[""e0"",""e1"",""e2""],[""e0"",""e1"",""e2"",""e3"",""e4"",""e5""]]"
case-000817,sampled-window,True,2,True,,,"[[""e1"",""e2""],[""e1"",""e2"",""e3""]]"
case-000818,sampled-window,False,0,False,,,null
case-000819,sampled-window,True,24,True,,,"[[],[""e0"",""e1"",""e2"",""e3"",""e4"",""e5""]]"
case-000820,sampled-window,True,4,True,,,"[[],[""e0"",""e3""]]"
case-000821,sampled-window,True,2,False,,,"[[""e0"",""e1"",""e2"",""e3""],[""e0"",""e1"",""e2"",""e3"",""e4""]]"
case-000822,sampled-window,True,2,False,,,"[[""e0"",""e2"",""e3"",""e5""],[""e0"",""e2"",""e3"",""e4"",""e5""]]"
case-000823,sampled-window,True,2,True,,,"[[],[""e1""]]"
case-000824,sampled-window,True,1,False,,,"[[""e0"",""e1"",""e2""],[""e0"",""e1"",""e2""]]"
case-000825,sampled-window,True,1,False,,,"[[""e0"",""e1"",""e2""],[""e0"",""e1"",""e2""]]"
case-000826,sampled-window,False,0,False,,,null
case-000827,sampled-window,True,6,True,,,"[[""e0"",""e1""],[""e0"",""e1"",""e2"",""e3"",""e4""]]"
case-000828,sampled-window,True,1,False,,,"[[""e0"",""e2"",""e4""],[""e0"",""e2"",""e4""]]"
case-000829,sampled-window,True,2,True,,,"[[""e0"",""e1""],[""e0"",""e1"",""e3""]]"
case-000830,sampled-window,False,0,False,,,null
case-000831,sampled-window,True,4,False,,,"[[""e0"",""e2""],[""e0"",""e1"",""e2"",""e3""]]"
case-000832,sampled-window,False,0,False,,,null
case-000833,sampled-window,True,2,True,,,"[[],[""e0""]]"
case-000834,sampled-window,False,0,False,,,null
case-000835,sampled-window,True,2,True,,,"[[""e1""],[""e1"",""e2""]]"
case-000836,sampled-window,True,4,False,,,"[[""e1"",""e2""],[""e0"",""e1"",""e2"",""e3""]]"
case-000837,sampled-window,True,1,False,,,"[[""e1"",""e2"",""e3"",""e4"",""e5""],[""e1"",""e2"",""e3"",""e4"",""e5""]]"
case-000838,sampled-window,False,0,False,,,null
case-000839,sampled-window,True,4,True,,,"[[""e0"",""e1""],[""e0"",""e1"",""e2"",""e4""]]"
case-000840,sampled-window,False,0,False,,,null
case-000841,sampled-window,True,2,True,,,"[[],[""e0""]]"
case-000842,sampled-window,False,0,False,,,null
case-000843,sampled-window,True,1,False,,,"[[""e0"",""e2"",""e5""],[""e0"",""e2"",""e5""]]"
case-000844,sampled-window,False,0,False,,,null
case-000845,sampled-window,True,1,False,,,"[[""e0"",""e1"",""e2""],[""e0"",""e1"",""e2""]]"
case-000846,sampled-window,True,2,False,,,"[[""e1"",""e2"",""e4""],[""e0"",""e1"",""e2"",""e4""]]"
case-000847,sampled-window,True,2,True,,,"[[""e0"",""e3""],[""e0"",""e1"",""e3""]]"
case-000848,sampled-window,False,0,False,,,null
case-000849,sampled-window,True,1,False,,,"[[""e0"",""e1"",""e3"",""e5""],[""e0"",""e1"",""e3"",""e5""]]"
case-000850,sampled-window,True,4,False,,,"[[""e2"",""e3""],[""e0"",""e1"",""e2"",""e3""]]"
case-000851,sampled-window,True,2,True,,,"[[""e0"",""e1"",""e3"",""e4""],[""e0"",""e1"",""e2"",""e3"",""e4""]]"
case-000852,sampled-window,False,0,False,,,null
case-000853,sampled-window,True,4,False,,,"[[""e2""],[""e1"",""e2"",""e3""]]"
case-000854,sampled-window,False,0,False,,,null
case-000855,sampled-window,True,1,False,,,"[[""e0"",""e4"",""e5""],[""e0"",""e4"",""e5""]]"
case-000856,sampled-window,False,0,False,,,null
case-000857,sampled-window,True,2,False,,,"[[""e1""],[""e1"",""e2""]]"
case-000858,sampled-window,False,0,False,,,null
case-000859,sampled-window,True,2,False,,,"[[""e1""],[""e1"",""e2""]]"
case-000860,sampled-window,True,2,False,,,"[[""e0"",""e3""],[""e0"",""e3"",""e4""]]"
case-000861,sampled-window,True,2,False,,,"[[""e1"",""e2"",""e3""],[""e0"",""e1"",""e2"",""e3""]]"
case-000862,sampled-window,True,2,False,,,"[[""e0""],[""e0"",""e1""]]"
case-000863,sampled-window,True,3,False,,,"[[""e0"",""e1""],[""e0"",""e1"",""e2"",""e4""]]"
case-000864,sampled-window,False,0,False,,,null
case-000865,sampled-window,True,1,False,,,"[[""e0"",""e1"",""e2"",""e3""],[""e0"",""e1"",""e2"",""e3""]]"
case-000866,sampled-window,False,0,False,,,null
case-000867,sampled-window,True,14,True,,,"[[""e2""],[""e0"",""e1"",""e2"",""e3"",""e4"",""e5""]]"
case-000868,sampled-window,True,1,False,,,"[[""e1"",""e3""],[""e1"",""e3""]]"
case-000869,sampled-window,True,1,False,,,"[[""e0"",""e1"",""e2""],[""e0"",""e1"",""e2""]]"
case-000870,sampled-window,False,0,False,,,null
case-000871,sampled-window,True,1,True,,,"[[""e0"",""e1"",""e2"",""e3""],[""e0"",""e1"",""e2"",""e3""]]"
case-000872,sampled-window,False,0,False,,,null
case-000873,sampled-window,True,1,True,,,"[[""e0"",""e1"",""e3"",""e4""],[""e0"",""e1"",""e3"",""e4""]]"
case-000874,sampled-window,False,0,False,,,null
case-000875,sampled-window,True,7,True,,,"[[""e0""],[""e0"",""e1"",""e2"",""e3"",""e4""]]"
case-000876,sampled-window,False,0,False,,,null
case-000877,sampled-window,True,1,False,,,"[[""e0"",""e1""],[""e0"",""e1""]]"
case-000878,sampled-window,True,2,False,,,"[[""e0"",""e1"",""e2""],[""e0"",""e1"",""e2"",""e3""]]"
case-000879,sampled-window,True,1,False,,,"[[""e1"",""e5""],[""e1"",""e5""]]"
case-000880,sampled-window,False,0,False,,,null
case-000881,sampled-window,True,2,True,,,"[[""e1"",""e2"",""e4""],[""e0"",""e1"",""e2"",""e4""]]"
case-000882,sampled-window,False,0,False,,,null
case-000883,sampled-window,True,2,False,,,"[[""e0""],[""e0"",""e3""]]"
case-000884,sampled-window,False,0,False,,,null
case-000885,sampled-window,True,4,False,,,"[[""e0"",""e4""],[""e0"",""e1"",""e4"",""e5""]]"
case-000886,sampled-window,False,0,False,,,null
case-000887,sampled-window,True,2,False,,,"[[""e0"",""e1""],[""e0"",""e1"",""e3""]]"
case-000888,sampled-window,False,0,False,,,null
case-000889,sampled-window,True,3,True,,,"[[],[""e0"",""e1""]]"
case-000890,sampled-window,False,0,False,,,null
case-000891,sampled-window,True,4,False,,,"[[""e1""],[""e0"",""e1"",""e3""]]"
case-000892,sampled-window,True,2,False,,,"[[""e0"",""e3""],[""e0"",""e1"",""e3""]]"
case-000893,sampled-window,True,1,True,,,"[[""e1""],[""e1""]]"
case-000894,sampled-window,False,0,False,,,null
case-000895,sampled-window,True,2,False,,,"[[""e1""],[""e1"",""e3""]]"
case-000896,sampled-window,True,2,False,,,"[[""e1"",""e2""],[""e1"",""e2"",""e3""]]"
case-000897,sampled-window,True,2,False,,,"[[""e0"",""e3""],[""e0"",""e1"",""e3""]]"
case-000898,sampled-window,True,2,True,,,"[[""e0"",""e1""],[""e0"",""e1"",""e3""]]"
case-000899,sampled-window,True,7,True,,,"[[],[""e0"",""e1"",""e2"",""e4""]]"
case-000900,sampled-window,False,0,False,,,null
case-000901,sampled-window,True,7,True,,,"[[],[""e0"",""e1"",""e2"",""e3""]]"
case-000902,sampled-window,True,2,False,,,"[[""e1"",""e3""],[""e1"",""e3"",""e4""]]"
case-000903,sampled-window,True,1,False,,,"[[""e0"",""e1"",""e2"",""e3""],[""e0"",""e1"",""e2"",""e3""]]"
case-000904,sampled-window,True,1,False,,,"[[""e0"",""e1"",""e3""],[""e0"",""e1"",""e3""]]"
case-000905,sampled-window,True,9,True,,,"[[""e1""],[""e0"",""e1"",""e2"",""e3"",""e4""]]"
case-000906,sampled-window,False,0,False,,,null
case-000907,sampled-window,True,4,False,,,"[[""e1""],[""e0"",""e1"",""e2""]]"
case-000908,sampled-window,False,0,False,,,null
case-000909,sampled-window,True,12,True,,,"[[""e1""],[""e0"",""e1"",""e2"",""e3"",""e4""]]"
case-000910,sampled-window,True,4,False,,,"[[""e1"",""e2""],[""e0"",""e1"",""e2"",""e3""]]"
case-000911,sampled-window,True,2,False,,,"[[""e1"",""e2""],[""e1"",""e2"",""e3""]]"
case-000912,sampled-window,True,4,False,,,"[[""e1"",""e3""],[""e1"",""e3"",""e4"",""e5""]]"
case-000913,sampled-window,True,1,False,,,"[[""e0"",""e1"",""e2"",""e3""],[""e0"",""e1"",""e2"",""e3""]]"
case-000914,sampled-window,False,0,False,,,null
case-000915,sampled-window,True,1,False,,,"[[""e0"",""e2"",""e4""],[""e0"",""e2"",""e4""]]"
case-000916,sampled-window,False,0,False,,,null
case-000917,sampled-window,True,4,False,,,"[[""e1"",""e2""],[""e0"",""e1"",""e2"",""e4""]]"
case-000918,sampled-window,False,0,False,,,null
case-000919,sampled-window,True,4,False,,,"[[""e0""],[""e0"",""e1"",""e3""]]"
case-000920,sampled-window,False,0,False,,,null
case-000921,sampled-window,True,1,False,,,"[[""e0"",""e1"",""e2""],[""e0"",""e1"",""e2""]]"
case-000922,sampled-window,True,1,True,,,"[[""e0"",""e1"",""e2""],[""e0"",""e1"",""e2""]]"
case-000923,sampled-window,True,2,True,,,"[[],[""e0""]]"
case-000924,sampled-window,True,2,False,,,"[[""e0"",""e1"",""e2"",""e3""],[""e0"",""e1"",""e2"",""e3"",""e5""]]"
case-000925,sampled-window,True,1,True,,,"[[""e0"",""e2""],[""e0"",""e2""]]"
case-000926,sampled-window,False,0,False,,,null
case-000927,sampled-window,True,2,False,,,"[[""e1"",""e3""],[""e1"",""e2"",""e3""]]"
case-000928,sampled-window,False,0,False,,,null
case-000929,sampled-window,True,2,False,,,"[[""e2""],[""e0"",""e2""]]"
case-000930,sampled-window,False,0,False,,,null
case-000931,sampled-window,True,6,True,,,"[[],[""e0"",""e1"",""e3""]]"
case-000932,sampled-window,False,0,False,,,null
case-000933,sampled-window,True,6,False,,,"[[""e0"",""e3""],[""e0"",""e1"",""e2"",""e3"",""e4""]]"
case-000934,sampled-window,True,1,False,,,"[[""e0"",""e1"",""e3""],[""e0"",""e1"",""e3""]]"
case-000935,sampled-window,True,1,False,,,"[[""e0"",""e1"",""e4""],[""e0"",""e1"",""e4""]]"
case-000936,sampled-window,False,0,False,,,null
case-000937,sampled-window,True,3,False,,,"[[""e1"",""e3""],[""e0"",""e1"",""e2"",""e3""]]"
case-000938,sampled-window,False,0,False,,,null
case-000939,sampled-window,True,4,True,,,"[[""e0"",""e2"",""e4""],[""e0"",""e1"",""e2"",""e4"",""e5""]]"
case-000940,sampled-window,True,1,False,,,"[[""e2"",""e3""],[""e2"",""e3""]]"
case-000941,sampled-window,True,1,True,,,"[[""e0"",""e1"",""e2"",""e3"",""e4""],[""e0"",""e1"",""e2"",""e3"",""e4""]]"
case-000942,sampled-window,False,0,False,,,null
case-000943,sampled-window,True,7,True,,,"[[],[""e0"",""e1"",""e2"",""e3""]]"
case-000944,sampled-window,True,1,False,,,"[[""e0"",""e1"",""e3""],[""e0"",""e1"",""e3""]]"
case-000945,sampled-window,True,6,True,,,"[[""e0"",""e1"",""e3""],[""e0"",""e1"",""e2"",""e3"",""e4"",""e5""]]"
case-000946,sampled-window,True,1,False,,,"[[""e1""],[""e1""]]"
case-000947,sampled-window,True,2,False,,,"[[""e0"",""e1""],[""e0"",""e1"",""e2""]]"
case-000948,sampled-window,True,2,False,,,"[[""e0"",""e1"",""e2"",""e3""],[""e0"",""e1"",""e2"",""e3"",""e5""]]"
case-000949,sampled-window,True,3,True,,,"[[""e3""],[""e0"",""e1"",""e3""]]"
case-000950,sampled-window,False,0,False,,,null
case-000951,sampled-window,True,12,True,,,"[[],[""e0"",""e1"",""e3"",""e4""]]"
case-000952,sampled-window,False,0,False,,,null
case-000953,sampled-window,True,1,True,,,"[[""e0"",""e1"",""e2"",""e3""],[""e0"",""e1"",""e2"",""e3""]]"
case-000954,sampled-window,False,0,False,,,null
case-000955,sampled-window,True,6,True,,,"[[],[""e0"",""e1"",""e2""]]"
case-000956,sampled-window,False,0,False,,,null
case-000957,sampled-window,True,1,False,,,"[[""e0"",""e1"",""e2"",""e5""],[""e0"",""e1"",""e2"",""e5""]]"
case-000958,sampled-window,True,1,True,,,"[[""e0"",""e1"",""e3""],[""e0"",""e1"",""e3""]]"
case-000959,sampled-window,True,2,True,,,"[[""e0"",""e4""],[""e0"",""e3"",""e4""]]"
case-000960,sampled-window,False,0,False,,,null
case-000961,sampled-window,True,4,True,,,"[[],[""e0"",""e2""]]"
case-000962,sampled-window,False,0,False,,,null
case-000963,sampled-window,True,3,False,,,"[[""e0"",""e1"",""e2"",""e4""],[""e0"",""e1"",""e2"",""e3"",""e4"",""e5""]]"
case-000964,sampled-window,False,0,False,,,null
case-000965,sampled-window,True,2,True,,,"[[""e0"",""e1"",""e2"",""e3""],[""e0"",""e1"",""e2"",""e3"",""e4""]]"
case-000966,sampled-window,False,0,False,,,null
case-000967,sampled-window,True,1,True,,,"[[""e0"",""e2"",""e3""],[""e0"",""e2"",""e3""]]"
case-000968,sampled-window,True,2,False,,,"[[""e1"",""e2""],[""e1"",""e2"",""e4""]]"
case-000969,sampled-window,True,1,False,,,"[[""e1"",""e2""],[""e1"",""e2""]]"
case-000970,sampled-window,False,0,False,,,null
case-000971,sampled-window,True,1,False,,,"[[""e0"",""e1"",""e2""],[""e0"",""e1"",""e2""]]"
case-000972,sampled-window,False,0,False,,,null
case-000973,sampled-window,True,1,False,,,"[[""e2""],[""e2""]]"
case-000974,sampled-window,False,0,False,,,null
case-000975,sampled-window,True,2,False,,,"[[""e1"",""e3"",""e4"",""e5""],[""e1"",""e2"",""e3"",""e4"",""e5""]]"
case-000976,sampled-window,False,0,False,,,null
case-000977,sampled-window,True,1,False,,,"[[""e0"",""e1"",""e2"",""e3"",""e4""],[""e0"",""e1"",""e2"",""e3"",""e4""]]"
case-000978,sampled-window,False,0,False,,,null
case-000979,sampled-window,True,1,False,,,"[[""e0"",""e2"",""e3""],[""e0"",""e2"",""e3""]]"
case-000980,sampled-window,False,0,False,,,null
case-000981,sampled-window,True,4,False,,,"[[""e1"",""e3""],[""e0"",""e1"",""e2"",""e3""]]"
case-000982,sampled-window,False,0,False,,,null
case-000983,sampled-window,True,4,False,,,"[[""e0"",""e2"",""e3""],[""e0"",""e1"",""e2"",""e3"",""e4""]]"
case-000984,sampled-window,True,4,False,,,"[[""e2"",""e3"",""e4""],[""e1"",""e2"",""e3"",""e4"",""e5""]]"
case-000985,sampled-window,True,1,False,,,"[[""e1"",""e2""],[""e1"",""e2""]]"
case-000986,sampled-window,False,0,False,,,null
case-000987,sampled-window,True,2,False,,,"[[""e0"",""e2"",""e3"",""e4""],[""e0"",""e1"",""e2"",""e3"",""e4""]]"
case-000988,sampled-window,True,1,False,,,"[[""e0"",""e2"",""e3""],[""e0"",""e2"",""e3""]]"
case-000989,sampled-window,True,2,True,,,"[[],[""e0""]]"
case-000990,sampled-window,False,0,False,,,null
case-000991,sampled-window,True,3,False,,,"[[""e1""],[""e1"",""e2"",""e3""]]"
case-000992,sampled-window,True,1,False,,,"[[""e0"",""e2""],[""e0"",""e2""]]"
case-000993,sampled-window,True,2,False,,,"[[""e0"",""e1""],[""e0"",""e1"",""e4""]]"
case-000994,sampled-window,False,0,False,,,null
case-000995,sampled-window,True,4,True,,,"[[""e0"",""e2""],[""e0"",""e2"",""e3"",""e4""]]"
case-000996,sampled-window,False,0,False,,,null
case-000997,sampled-window,True,7,True,,,"[[],[""e0"",""e1"",""e2"",""e3""]]"
case-000998,sampled-window,False,0,False,,,null
case-000999,sampled-window,True,1,False,,,"[[""e0"",""e1"",""e2""],[""e0"",""e1"",""e2""]]"
case-001000,sampled-window,True,1,False,,,"[[""e0"",""e1"",""e2"",""e3""],[""e0"",""e1"",""e2"",""e3""]]"
case-001001,sampled-window,True,6,True,,,"[[""e0""],[""e0"",""e1"",""e2"",""e3""]]"
case-001002,sampled-window,False,0,False,,,null
case-001003,sampled-window,True,1,True,,,"[[],[]]"
case-001004,sampled-window,False,0,False,,,null
case-001005,sampled-window,True,3,True,,,"[[""e0"",""e2"",""e3"",""e4""],[""e0"",""e1"",""e2"",""e3"",""e4"",""e5""]]"
case-001006,sampled-window,True,2,False,,,"[[""e0"",""e2""],[""e0"",""e2"",""e3""]]"
case-001007,sampled-window,True,3,True,,,"[[""e0""],[""e0"",""e1"",""e3""]]"
case-001008,sampled-window,False,0,False,,,null
case-001009,sampled-window,True,1,False,,,"[[""e0"",""e1"",""e2""],[""e0"",""e1"",""e2""]]"
case-001010,sampled-window,False,0,False,,,null
case-001011,sampled-window,True,1,False,,,"[[""e0""],[""e0""]]"
case-001012,sampled-window,True,1,False,,,"[[""e1"",""e2"",""e3""],[""e1"",""e2"",""e3""]]"
case-001013,sampled-window,True,4,False,,,"[[""e0"",""e1""],[""e0"",""e1"",""e2"",""e4""]]"
case-001014,sampled-window,False,0,False,,,null
case-001015,sampled-window,True,1,True,,,"[[""e0"",""e1"",""e2""],[""e0"",""e1"",""e2""]]"
case-001016,sampled-window,True,2,False,,,"[[""e0"",""e3""],[""e0"",""e2"",""e3""]]"
case-001017,sampled-window,True,1,False,,,"[[""e0"",""e1"",""e2"",""e4"",""e5""],[""e0"",""e1"",""e2"",""e4"",""e5""]]"
case-001018,sampled-window,False,0,False,,,null
case-001019,sampled-window,True,5,False,,,"[[""e0""],[""e0"",""e1"",""e2"",""e3""]]"
case-001020,sampled-window,False,0,False,,,null
case-001021,sampled-window,True,6,True,,,"[[""e2""],[""e0"",""e1"",""e2"",""e3""]]"
case-001022,sampled-window,True,4,False,,,"[[""e0"",""e2"",""e3""],[""e0"",""e1"",""e2"",""e3"",""e4""]]"
case-001023,sampled-window,True,1,False,,,"[[""e0"",""e1"",""e2"",""e3"",""e4"",""e5""],[""e0"",""e1"",""e2"",""e3"",""e4"",""e5""]]"
case-001024,sampled-window,False,0,False,,,null
case-001025,sampled-window,True,6,True,,,"[[],[""e2"",""e3"",""e4""]]"
case-001026,sampled-window,False,0,False,,,null
case-001027,sampled-window,True,1,True,,,"[[""e0"",""e1"",""e3""],[""e0"",""e1"",""e3""]]"
case-001028,sampled-window,True,1,False,,,"[[""e3"",""e4""],[""e3"",""e4""]]"
case-001029,sampled-window,True,1,False,,,"[[""e0"",""e1"",""e2"",""e4"",""e5""],[""e0"",""e1"",""e2"",""e4"",""e5""]]"
case-001030,sampled-window,True,2,True,,,"[[""e0"",""e1"",""e2""],[""e0"",""e1"",""e2"",""e3""]]"
case-001031,sampled-window,True,4,True,,,"[[""e0""],[""e0"",""e1"",""e2""]]"
case-001032,sampled-window,False,0,False,,,null
case-001033,sampled-window,True,3,True,,,"[[],[""e1"",""e2""]]"
case-001034,sampled-window,False,0,False,,,null
case-001035,sampled-window,True,4,True,,,"[[""e2""],[""e0"",""e1"",""e2"",""e4""]]"
case-001036,sampled-window,True,1,False,,,"[[""e0"",""e2""],[""e0"",""e2""]]"
case-001037,sampled-window,True,4,False,,,"[[""e0"",""e1""],[""e0"",""e1"",""e2"",""e3""]]"
case-001038,sampled-window,False,0,False,,,null
case-001039,sampled-window,True,2,True,,,"[[""e0"",""e1""],[""e0"",""e1"",""e3""]]"
case-001040,sampled-window,False,0,False,,,null
case-001041,sampled-window,True,2,False,,,"[[""e0"",""e1"",""e4""],[""e0"",""e1"",""e2"",""e4""]]"
case-001042,sampled-window,False,0,False,,,null
case-001043,sampled-window,True,1,False,,,"[[""e1"",""e3"",""e4""],[""e1"",""e3"",""e4""]]"
case-001044,sampled-window,False,0,False,,,null
case-001045,sampled-window,True,3,True,,,"[[""e0""],[""e0"",""e2"",""e3""]]"
case-001046,sampled-window,False,0,False,,,null
case-001047,sampled-window,True,4,True,,,"[[""e2"",""e3"",""e5""],[""e0"",""e1"",""e2"",""e3"",""e5""]]"
case-001048,sampled-window,False,0,False,,,null
case-001049,sampled-window,True,2,True,,,"[[""e0"",""e1"",""e4""],[""e0"",""e1"",""e3"",""e4""]]"
case-001050,sampled-window,False,0,False,,,null
case-001051,sampled-window,True,2,False,,,"[[""e0"",""e1"",""e2""],[""e0"",""e1"",""e2"",""e3""]]"
case-001052,sampled-window,True,2,False,,,"[[""e1"",""e3""],[""e1"",""e2"",""e3""]]"
case-001053,sampled-window,True,1,False,,,"[[""e1"",""e2"",""e4""],[""e1"",""e2"",""e4""]]"
case-001054,sampled-window,False,0,False,,,null
case-001055,sampled-window,True,1,True,,,"[[""e0"",""e1"",""e3"",""e4""],[""e0"",""e1"",""e3"",""e4""]]"
case-001056,sampled-window,False,0,False,,,null
case-001057,sampled-window,True,1,False,,,"[[""e0"",""e2"",""e3""],[""e0"",""e2"",""e3""]]"
case-001058,sampled-window,False,0,False,,,null
case-001059,sampled-window,True,1,False,,,"[[""e0""],[""e0""]]"
case-001060,sampled-window,False,0,False,,,null
case-001061,sampled-window,True,2,False,,,"[[""e0"",""e1"",""e2""],[""e0"",""e1"",""e2"",""e4""]]"
case-001062,sampled-window,False,0,False,,,null
case-001063,sampled-window,True,2,False,,,"[[""e0""],[""e0"",""e3""]]"
case-001064,sampled-window,False,0,False,,,null
case-001065,sampled-window,True,2,True,,,"[[""e0"",""e1""],[""e0"",""e1"",""e4""]]"
case-001066,sampled-window,False,0,False,,,null
case-001067,sampled-window,True,1,False,,,"[[""e1"",""e2""],[""e1"",""e2""]]"
case-001068,sampled-window,True,1,False,,,"[[""e1"",""e2"",""e3"",""e4""],[""e1"",""e2"",""e3"",""e4""]]"
case-001069,sampled-window,True,12,True,,,"[[],[""e0"",""e1"",""e2"",""e3""]]"
case-001070,sampled-window,True,1,False,,,"[[""e2"",""e3"",""e4""],[""e2"",""e3"",""e4""]]"
case-001071,sampled-window,True,2,False,,,"[[""e1"",""e2"",""e4"",""e5""],[""e0"",""e1"",""e2"",""e4"",""e5""]]"
case-001072,sampled-window,True,1,True,,,"[[""e1"",""e2"",""e3""],[""e1"",""e2"",""e3""]]"
case-001073,sampled-window,True,3,False,,,"[[""e0"",""e1"",""e2""],[""e0"",""e1"",""e2"",""e3"",""e4""]]"
case-001074,sampled-window,False,0,False,,,null
case-001075,sampled-window,True,1,True,,,"[[""e1""],[""e1""]]"
case-001076,sampled-window,True,1,True,,,"[[""e0"",""e1"",""e2"",""e3"",""e4""],[""e0"",""e1"",""e2"",""e3"",""e4""]]"
case-001077,sampled-window,True,4,False,,,"[[""e2"",""e3"",""e5""],[""e0"",""e2"",""e3"",""e4"",""e5""]]"
case-001078,sampled-window,False,0,False,,,null
case-001079,sampled-window,True,1,False,,,"[[""e0"",""e1"",""e2"",""e3"",""e4""],[""e0"",""e1"",""e2"",""e3"",""e4""]]"
case-001080,sampled-window,True,6,True,,,"[[""e1"",""e3""],[""e0"",""e1"",""e2"",""e3"",""e4""]]"
case-001081,sampled-window,True,6,True,,,"[[],[""e0"",""e1"",""e2""]]"
case-001082,sampled-window,False,0,False,,,null
case-001083,sampled-window,True,3,True,,,"[[""e0"",""e2"",""e3"",""e4""],[""e0"",""e1"",""e2"",""e3"",""e4"",""e5""]]"
case-001084,sampled-window,False,0,False,,,null
case-001085,sampled-window,True,1,False,,,"[[""e0"",""e1"",""e2"",""e3""],[""e0"",""e1"",""e2"",""e3""]]"
case-001086,sampled-window,False,0,False,,,null
case-001087,sampled-window,True,3,True,,,"[[""e3""],[""e1"",""e2"",""e3""]]"
case-001088,sampled-window,True,3,False,,,"[[""e0"",""e3""],[""e0"",""e2"",""e3"",""e4""]]"
case-001089,sampled-window,True,1,False,,,"[[""e0"",""e1"",""e2"",""e3"",""e4"",""e5""],[""e0"",""e1"",""e2"",""e3"",""e4"",""e5""]]"
case-001090,sampled-window,True,2,True,,,"[[],[""e2""]]"
case-001091,sampled-window,True,4,False,,,"[[""e0"",""e1"",""e2""],[""e0"",""e1"",""e2"",""e3"",""e4""]]"
case-001092,sampled-window,False,0,False,,,null
case-001093,sampled-window,True,6,True,,,"[[""e1""],[""e0"",""e1"",""e2"",""e3""]]"
case-001094,sampled-window,True,1,False,,,"[[""e0"",""e1""],[""e0"",""e1""]]"
case-001095,sampled-window,True,1,False,,,"[[""e0"",""e1"",""e2"",""e5""],[""e0"",""e1"",""e2"",""e5""]]"
case-001096,sampled-window,False,0,False,,,null
case-001097,sampled-window,True,3,False,,,"[[""e0"",""e1""],[""e0"",""e1"",""e3"",""e4""]]"
case-001098,sampled-window,False,0,False,,,null
case-001099,sampled-window,True,12,True,,,"[[],[""e0"",""e1"",""e2"",""e3""]]"
case-001100,sampled-window,False,0,False,,,null
case-001101,sampled-window,True,9,False,,,"[[""e2""],[""e0"",""e1"",""e2"",""e3"",""e5""]]"
case-001102,sampled-window,True,2,False,,,"[[""e0"",""e3""],[""e0"",""e1"",""e3""]]"
case-001103,sampled-window,True,4,True,,,"[[""e2"",""e3""],[""e0"",""e1"",""e2"",""e3""]]"
case-001104,sampled-window,True,9,False,,,"[[""e0""],[""e0"",""e1"",""e2"",""e3"",""e4""]]"
case-001105,sampled-window,True,1,False,,,"[[""e0"",""e1"",""e2""],[""e0"",""e1"",""e2""]]"
case-001106,sampled-window,True,2,False,,,"[[""e0"",""e1""],[""e0"",""e1"",""e3""]]"
case-001107,sampled-window,True,2,False,,,"[[""e0"",""e4""],[""e0"",""e1"",""e4""]]"
case-001108,sampled-window,False,0,False,,,null
case-001109,sampled-window,True,14,True,,,"[[],[""e0"",""e1"",""e2"",""e3"",""e4""]]"
case-001110,sampled-window,False,0,False,,,null
case-001111,sampled-window,True,4,True,,,"[[],[""e1"",""e2""]]"
case-001112,sampled-window,True,1,False,,,"[[""e0"",""e2"",""e3""],[""e0"",""e2"",""e3""]]"
case-001113,sampled-window,True,4,True,,,"[[""e1""],[""e1"",""e2"",""e3""]]"
case-001114,sampled-window,False,0,False,,,null
case-001115,sampled-window,True,2,False,,,"[[""e0"",""e1"",""e4""],[""e0"",""e1"",""e3"",""e4""]]"
case-001116,sampled-window,False,0,False,,,null
case-001117,sampled-window,True,3,True,,,"[[""e3""],[""e0"",""e1"",""e3""]]"
case-001118,sampled-window,True,2,True,,,"[[],[""e0""]]"
case-001119,sampled-window,True,9,False,,,"[[""e0"",""e1""],[""e0"",""e1"",""e2"",""e3"",""e4"",""e5""]]"
case-001120,sampled-window,True,2,False,,,"[[""e0"",""e1"",""e2""],[""e0"",""e1"",""e2"",""e3""]]"
case-001121,sampled-window,True,2,True,,,"[[""e0"",""e1"",""e2"",""e4""],[""e0"",""e1"",""e2"",""e3"",""e4""]]"
case-001122,sampled-window,False,0,False,,,null
case-001123,sampled-window,True,4,True,,,"[[""e0""],[""e0"",""e1"",""e2""]]"
case-001124,sampled-window,True,12,True,,,"[[],[""e0"",""e2"",""e3"",""e4""]]"
case-001125,sampled-window,True,9,True,,,"[[""e0"",""e3""],[""e0"",""e1"",""e2"",""e3"",""e4"",""e5""]]"
case-001126,sampled-window,False,0,False,,,null
case-001127,sampled-window,True,1,False,,,"[[""e0"",""e2"",""e3"",""e4""],[""e0"",""e2"",""e3"",""e4""]]"
case-001128,sampled-window,False,0,False,,,null
case-001129,sampled-window,True,3,True,,,"[[],[""e0"",""e3""]]"
case-001130,sampled-window,False,0,False,,,null
case-001131,sampled-window,True,2,False,,,"[[""e5""],[""e3"",""e5""]]"
case-001132,sampled-window,True,1,False,,,"[[""e0""],[""e0""]]"
case-001133,sampled-window,True,1,False,,,"[[""e0"",""e2""],[""e0"",""e2""]]"
case-001134,sampled-window,False,0,False,,,null
case-001135,sampled-window,True,2,False,,,"[[""e0""],[""e0"",""e1""]]"
case-001136,sampled-window,False,0,False,,,null
case-001137,sampled-window,True,3,False,,,"[[""e0"",""e2""],[""e0"",""e1"",""e2"",""e4""]]"
case-001138,sampled-window,True,2,False,,,"[[""e0"",""e1""],[""e0"",""e1"",""e2""]]"
case-001139,sampled-window,True,1,True,,,"[[""e0"",""e1"",""e2"",""e3"",""e4""],[""e0"",""e1"",""e2"",""e3"",""e4""]]"
case-001140,sampled-window,False,0,False,,,null
case-001141,sampled-window,True,4,False,,,"[[""e0"",""e1""],[""e0"",""e1"",""e2"",""e3""]]"
case-001142,sampled-window,True,8,False,,,"[[""e2"",""e3""],[""e0"",""e1"",""e2"",""e3"",""e4""]]"
case-001143,sampled-window,True,4,True,,,"[[""e0"",""e1"",""e2"",""e4""],[""e0"",""e1"",""e2"",""e3"",""e4"",""e5""]]"
case-001144,sampled-window,False,0,False,,,null
case-001145,sampled-window,True,2,True,,,"[[""e0"",""e1"",""e4""],[""e0"",""e1"",""e3"",""e4""]]"
case-001146,sampled-window,False,0,False,,,null
case-001147,sampled-window,True,6,True,,,"[[""e0""],[""e0"",""e1"",""e2"",""e3""]]"
case-001148,sampled-window,False,0,False,,,null
case-001149,sampled-window,True,3,False,,,"[[""e0"",""e1"",""e3"",""e4""],[""e0"",""e1"",""e2"",""e3"",""e4"",""e5""]]"
case-001150,sampled-window,True,1,True,,,"[[""e0"",""e1"",""e2""],[""e0"",""e1"",""e2""]]"
case-001151,sampled-window,True,2,True,,,"[[""e0"",""e1"",""e2"",""e3""],[""e0"",""e1"",""e2"",""e3"",""e4""]]"
case-001152,sampled-window,False,0,False,,,null
case-001153,sampled-window,True,1,True,,,"[[""e0"",""e1"",""e3""],[""e0"",""e1"",""e3""]]"
case-001154,sampled-window,True,2,False,,,"[[""e0"",""e4""],[""e0"",""e1"",""e4""]]"
case-001155,sampled-window,True,1,True,,,"[[""e0"",""e1"",""e2"",""e3"",""e4"",""e5""],[""e0"",""e1"",""e2"",""e3"",""e4"",""e5""]]"
case-001156,sampled-window,False,0,False,,,null
case-001157,sampled-window,True,2,True,,,"[[""e1"",""e3"",""e4""],[""e0"",""e1"",""e3"",""e4""]]"
case-001158,sampled-window,False,0,False,,,null
case-001159,sampled-window,True,2,False,,,"[[""e0"",""e2"",""e3""],[""e0"",""e1"",""e2"",""e3""]]"
case-001160,sampled-window,False,0,False,,,null
case-001161,sampled-window,True,1,False,,,"[[""e0"",""e1"",""e3"",""e4""],[""e0"",""e1"",""e3"",""e4""]]"
case-001162,sampled-window,False,0,False,,,null
case-001163,sampled-window,True,1,False,,,"[[""e0"",""e1"",""e2"",""e4""],[""e0"",""e1"",""e2"",""e4""]]"
case-001164,sampled-window,True,1,False,,,"[[""e2"",""e4""],[""e2"",""e4""]]"
case-001165,sampled-window,True,4,False,,,"[[""e1"",""e3""],[""e0"",""e1"",""e2"",""e3""]]"
case-001166,sampled-window,False,0,False,,,null
case-001167,sampled-window,True,2,True,,,"[[""e2""],[""e0"",""e2""]]"
case-001168,sampled-window,False,0,False,,,null
case-001169,sampled-window,True,6,True,,,"[[],[""e0"",""e2"",""e3""]]"
case-001170,sampled-window,False,0,False,,,null
case-001171,sampled-window,True,6,True,,,"[[],[""e0"",""e1"",""e2""]]"
case-001172,sampled-window,True,1,False,,,"[[""e0"",""e1"",""e4""],[""e0"",""e1"",""e4""]]"
case-001173,sampled-window,True,1,False,,,"[[""e0"",""e1"",""e2"",""e5""],[""e0"",""e1"",""e2"",""e5""]]"
case-001174,sampled-window,False,0,False,,,null
case-001175,sampled-window,True,1,False,,,"[[""e1"",""e2"",""e3""],[""e1"",""e2"",""e3""]]"
case-001176,sampled-window,False,0,False,,,null
case-001177,sampled-window,True,3,True,,,"[[""e2""],[""e0"",""e1"",""e2""]]"
case-001178,sampled-window,False,0,False,,,null
case-001179,sampled-window,True,6,True,,,"[[""e0"",""e2""],[""e0"",""e1"",""e2"",""e3"",""e5""]]"
case-001180,sampled-window,True,2,False,,,"[[""e0""],[""e0"",""e1""]]"
case-001181,sampled-window,True,1,True,,,"[[""e0"",""e1"",""e2"",""e3"",""e4""],[""e0"",""e1"",""e2"",""e3"",""e4""]]"
case-001182,sampled-window,False,0,False,,,null
case-001183,sampled-window,True,1,True,,,"[[""e0"",""e1"",""e2"",""e3""],[""e0"",""e1"",""e2"",""e3""]]"
case-001184,sampled-window,True,4,False,,,"[[""e0"",""e2""],[""e0"",""e1"",""e2"",""e3""]]"
case-001185,sampled-window,True,3,False,,,"[[""e0"",""e5""],[""e0"",""e3"",""e4"",""e5""]]"
case-001186,sampled-window,True,1,False,,,"[[""e1"",""e2""],[""e1"",""e2""]]"
case-001187,sampled-window,True,1,False,,,"[[""e0"",""e1"",""e2"",""e3""],[""e0"",""e1"",""e2"",""e3""]]"
case-001188,sampled-window,False,0,False,,,null
case-001189,sampled-window,True,8,True,,,"[[],[""e0"",""e1"",""e2""]]"
case-001190,sampled-window,False,0,False,,,null
case-001191,sampled-window,True,2,False,,,"[[""e1"",""e5""],[""e0"",""e1"",""e5""]]"
case-001192,sampled-window,True,8,False,,,"[[""e1""],[""e0"",""e1"",""e2"",""e3""]]"
case-001193,sampled-window,True,1,False,,,"[[""e1"",""e2"",""e4""],[""e1"",""e2"",""e4""]]"
case-001194,sampled-window,False,0,False,,,null
case-001195,sampled-window,True,1,False,,,"[[""e1"",""e2""],[""e1"",""e2""]]"
case-001196,sampled-window,True,12,True,,,"[[],[""e0"",""e1"",""e3"",""e4""]]"
case-001197,sampled-window,True,4,False,,,"[[""e1""],[""e0"",""e1"",""e5""]]"
case-001198,sampled-window,True,1,False,,,"[[""e0"",""e1""],[""e0"",""e1""]]"
case-001199,sampled-window,True,2,False,,,"[[""e0"",""e1"",""e2"",""e3""],[""e0"",""e1"",""e2"",""e3"",""e4""]]"
case-001200,sampled-window,False,0,False,,,null
case-001201,stale-floor,False,0,False,,,null
case-001202,stale-floor,False,0,False,,,null
case-001203,stale-floor,False,0,False,,,null
case-001204,stale-floor,False,0,False,,,null
case-001205,stale-floor,False,0,False,,,null
case-001206,stale-floor,False,0,False,,,null
case-001207,stale-floor,False,0,False,,,null
case-001208,stale-floor,False,0,False,,,null
case-001209,stale-floor,False,0,False,,,null
case-001210,stale-floor,False,0,False,,,null
case-001211,stale-floor,False,0,False,,,null
case-001212,stale-floor,False,0,False,,,null
case-001213,stale-floor,False,0,False,,,null
case-001214,stale-floor,False,0,False,,,null
case-001215,stale-floor,False,0,False,,,null
case-001216,stale-floor,False,0,False,,,null
case-001217,stale-floor,False,0,False,,,null
case-001218,stale-floor,False,0,False,,,null
case-001219,stale-floor,False,0,False,,,null
case-001220,stale-floor,False,0,False,,,null
case-001221,stale-floor,False,0,False,,,null
case-001222,stale-floor,False,0,False,,,null
case-001223,stale-floor,False,0,False,,,null
case-001224,stale-floor,False,0,False,,,null
case-001225,stale-floor,False,0,False,,,null
case-001226,stale-floor,False,0,False,,,null
case-001227,stale-floor,False,0,False,,,null
case-001228,stale-floor,False,0,False,,,null
case-001229,stale-floor,False,0,False,,,null
case-001230,stale-floor,False,0,False,,,null
case-001231,stale-floor,False,0,False,,,null
case-001232,stale-floor,False,0,False,,,null
case-001233,stale-floor,False,0,False,,,null
case-001234,stale-floor,False,0,False,,,null
case-001235,stale-floor,False,0,False,,,null
case-001236,stale-floor,False,0,False,,,null
case-001237,stale-floor,False,0,False,,,null
case-001238,stale-floor,False,0,False,,,null
case-001239,stale-floor,False,0,False,,,null
case-001240,stale-floor,False,0,False,,,null
case-001241,stale-floor,False,0,False,,,null
case-001242,stale-floor,False,0,False,,,null
case-001243,stale-floor,False,0,False,,,null
case-001244,stale-floor,False,0,False,,,null
case-001245,stale-floor,False,0,False,,,null
case-001246,stale-floor,False,0,False,,,null
case-001247,stale-floor,False,0,False,,,null
case-001248,stale-floor,False,0,False,,,null
case-001249,stale-floor,False,0,False,,,null
case-001250,stale-floor,False,0,False,,,null
case-001251,stale-floor,False,0,False,,,null
case-001252,stale-floor,False,0,False,,,null
case-001253,stale-floor,False,0,False,,,null
case-001254,stale-floor,False,0,False,,,null
case-001255,stale-floor,False,0,False,,,null
case-001256,stale-floor,False,0,False,,,null
case-001257,stale-floor,False,0,False,,,null
case-001258,stale-floor,False,0,False,,,null
case-001259,stale-floor,False,0,False,,,null
case-001260,stale-floor,False,0,False,,,null
case-001261,stale-floor,False,0,False,,,null
case-001262,stale-floor,False,0,False,,,null
case-001263,stale-floor,False,0,False,,,null
case-001264,stale-floor,False,0,False,,,null
case-001265,stale-floor,False,0,False,,,null
case-001266,stale-floor,False,0,False,,,null
case-001267,stale-floor,False,0,False,,,null
case-001268,stale-floor,False,0,False,,,null
case-001269,stale-floor,False,0,False,,,null
case-001270,stale-floor,False,0,False,,,null
case-001271,stale-floor,False,0,False,,,null
case-001272,stale-floor,False,0,False,,,null
case-001273,stale-floor,False,0,False,,,null
case-001274,stale-floor,False,0,False,,,null
case-001275,stale-floor,False,0,False,,,null
case-001276,stale-floor,False,0,False,,,null
case-001277,stale-floor,False,0,False,,,null
case-001278,stale-floor,False,0,False,,,null
case-001279,stale-floor,False,0,False,,,null
case-001280,stale-floor,False,0,False,,,null
case-001281,stale-floor,False,0,False,,,null
case-001282,stale-floor,False,0,False,,,null
case-001283,stale-floor,False,0,False,,,null
case-001284,stale-floor,False,0,False,,,null
case-001285,stale-floor,False,0,False,,,null
case-001286,stale-floor,False,0,False,,,null
case-001287,stale-floor,False,0,False,,,null
case-001288,stale-floor,False,0,False,,,null
case-001289,stale-floor,False,0,False,,,null
case-001290,stale-floor,False,0,False,,,null
case-001291,stale-floor,False,0,False,,,null
case-001292,stale-floor,False,0,False,,,null
case-001293,stale-floor,False,0,False,,,null
case-001294,stale-floor,False,0,False,,,null
case-001295,stale-floor,False,0,False,,,null
case-001296,stale-floor,False,0,False,,,null
case-001297,stale-floor,False,0,False,,,null
case-001298,stale-floor,False,0,False,,,null
case-001299,stale-floor,False,0,False,,,null
case-001300,stale-floor,False,0,False,,,null
case-001301,stale-floor,False,0,False,,,null
case-001302,stale-floor,False,0,False,,,null
case-001303,stale-floor,False,0,False,,,null
case-001304,stale-floor,False,0,False,,,null
case-001305,stale-floor,False,0,False,,,null
case-001306,stale-floor,False,0,False,,,null
case-001307,stale-floor,False,0,False,,,null
case-001308,stale-floor,False,0,False,,,null
case-001309,stale-floor,False,0,False,,,null
case-001310,stale-floor,False,0,False,,,null
case-001311,stale-floor,False,0,False,,,null
case-001312,stale-floor,False,0,False,,,null
case-001313,stale-floor,False,0,False,,,null
case-001314,stale-floor,False,0,False,,,null
case-001315,stale-floor,False,0,False,,,null
case-001316,stale-floor,False,0,False,,,null
case-001317,stale-floor,False,0,False,,,null
case-001318,stale-floor,False,0,False,,,null
case-001319,stale-floor,False,0,False,,,null
case-001320,stale-floor,False,0,False,,,null
case-001321,stale-floor,False,0,False,,,null
case-001322,stale-floor,False,0,False,,,null
case-001323,stale-floor,False,0,False,,,null
case-001324,stale-floor,False,0,False,,,null
case-001325,stale-floor,False,0,False,,,null
case-001326,stale-floor,False,0,False,,,null
case-001327,stale-floor,False,0,False,,,null
case-001328,stale-floor,False,0,False,,,null
case-001329,stale-floor,False,0,False,,,null
case-001330,stale-floor,False,0,False,,,null
case-001331,stale-floor,False,0,False,,,null
case-001332,stale-floor,False,0,False,,,null
case-001333,stale-floor,False,0,False,,,null
case-001334,stale-floor,False,0,False,,,null
case-001335,stale-floor,False,0,False,,,null
case-001336,stale-floor,False,0,False,,,null
case-001337,stale-floor,False,0,False,,,null
case-001338,stale-floor,False,0,False,,,null
case-001339,stale-floor,False,0,False,,,null
case-001340,stale-floor,False,0,False,,,null
case-001341,stale-floor,False,0,False,,,null
case-001342,stale-floor,False,0,False,,,null
case-001343,stale-floor,False,0,False,,,null
case-001344,stale-floor,False,0,False,,,null
case-001345,stale-floor,False,0,False,,,null
case-001346,stale-floor,False,0,False,,,null
case-001347,stale-floor,False,0,False,,,null
case-001348,stale-floor,False,0,False,,,null
case-001349,stale-floor,False,0,False,,,null
case-001350,stale-floor,False,0,False,,,null
case-001351,stale-floor,False,0,False,,,null
case-001352,stale-floor,False,0,False,,,null
case-001353,stale-floor,False,0,False,,,null
case-001354,stale-floor,False,0,False,,,null
case-001355,stale-floor,False,0,False,,,null
case-001356,stale-floor,False,0,False,,,null
case-001357,stale-floor,False,0,False,,,null
case-001358,stale-floor,False,0,False,,,null
case-001359,stale-floor,False,0,False,,,null
case-001360,stale-floor,False,0,False,,,null
case-001361,stale-floor,False,0,False,,,null
case-001362,stale-floor,False,0,False,,,null
case-001363,stale-floor,False,0,False,,,null
case-001364,stale-floor,False,0,False,,,null
case-001365,stale-floor,False,0,False,,,null
case-001366,stale-floor,False,0,False,,,null
case-001367,stale-floor,False,0,False,,,null
case-001368,stale-floor,False,0,False,,,null
case-001369,stale-floor,False,0,False,,,null
case-001370,stale-floor,False,0,False,,,null
case-001371,stale-floor,False,0,False,,,null
case-001372,stale-floor,False,0,False,,,null
case-001373,stale-floor,False,0,False,,,null
case-001374,stale-floor,False,0,False,,,null
case-001375,stale-floor,False,0,False,,,null
case-001376,stale-floor,False,0,False,,,null
case-001377,stale-floor,False,0,False,,,null
case-001378,stale-floor,False,0,False,,,null
case-001379,stale-floor,False,0,False,,,null
case-001380,stale-floor,False,0,False,,,null
case-001381,stale-floor,False,0,False,,,null
case-001382,stale-floor,False,0,False,,,null
case-001383,stale-floor,False,0,False,,,null
case-001384,stale-floor,False,0,False,,,null
case-001385,stale-floor,False,0,False,,,null
case-001386,stale-floor,False,0,False,,,null
case-001387,stale-floor,False,0,False,,,null
case-001388,stale-floor,False,0,False,,,null
case-001389,stale-floor,False,0,False,,,null
case-001390,stale-floor,False,0,False,,,null
case-001391,stale-floor,False,0,False,,,null
case-001392,stale-floor,False,0,False,,,null
case-001393,stale-floor,False,0,False,,,null
case-001394,stale-floor,False,0,False,,,null
case-001395,stale-floor,False,0,False,,,null
case-001396,stale-floor,False,0,False,,,null
case-001397,stale-floor,False,0,False,,,null
case-001398,stale-floor,False,0,False,,,null
case-001399,stale-floor,False,0,False,,,null
case-001400,stale-floor,False,0,False,,,null
case-001401,fork,False,0,False,,,null
case-001402,fork,False,0,False,,,null
case-001403,fork,False,0,False,,,null
case-001404,fork,False,0,False,,,null
case-001405,fork,False,0,False,,,null
case-001406,fork,False,0,False,,,null
case-001407,fork,False,0,False,,,null
case-001408,fork,False,0,False,,,null
case-001409,fork,False,0,False,,,null
case-001410,fork,False,0,False,,,null
case-001411,fork,False,0,False,,,null
case-001412,fork,False,0,False,,,null
case-001413,fork,False,0,False,,,null
case-001414,fork,False,0,False,,,null
case-001415,fork,False,0,False,,,null
case-001416,fork,False,0,False,,,null
case-001417,fork,False,0,False,,,null
case-001418,fork,False,0,False,,,null
case-001419,fork,False,0,False,,,null
case-001420,fork,False,0,False,,,null
case-001421,fork,False,0,False,,,null
case-001422,fork,False,0,False,,,null
case-001423,fork,False,0,False,,,null
case-001424,fork,False,0,False,,,null
case-001425,fork,False,0,False,,,null
case-001426,fork,False,0,False,,,null
case-001427,fork,False,0,False,,,null
case-001428,fork,False,0,False,,,null
case-001429,fork,False,0,False,,,null
case-001430,fork,False,0,False,,,null
case-001431,fork,False,0,False,,,null
case-001432,fork,False,0,False,,,null
case-001433,fork,False,0,False,,,null
case-001434,fork,False,0,False,,,null
case-001435,fork,False,0,False,,,null
case-001436,fork,False,0,False,,,null
case-001437,fork,False,0,False,,,null
case-001438,fork,False,0,False,,,null
case-001439,fork,False,0,False,,,null
case-001440,fork,False,0,False,,,null
case-001441,fork,False,0,False,,,null
case-001442,fork,False,0,False,,,null
case-001443,fork,False,0,False,,,null
case-001444,fork,False,0,False,,,null
case-001445,fork,False,0,False,,,null
case-001446,fork,False,0,False,,,null
case-001447,fork,False,0,False,,,null
case-001448,fork,False,0,False,,,null
case-001449,fork,False,0,False,,,null
case-001450,fork,False,0,False,,,null
case-001451,fork,False,0,False,,,null
case-001452,fork,False,0,False,,,null
case-001453,fork,False,0,False,,,null
case-001454,fork,False,0,False,,,null
case-001455,fork,False,0,False,,,null
case-001456,fork,False,0,False,,,null
case-001457,fork,False,0,False,,,null
case-001458,fork,False,0,False,,,null
case-001459,fork,False,0,False,,,null
case-001460,fork,False,0,False,,,null
case-001461,fork,False,0,False,,,null
case-001462,fork,False,0,False,,,null
case-001463,fork,False,0,False,,,null
case-001464,fork,False,0,False,,,null
case-001465,fork,False,0,False,,,null
case-001466,fork,False,0,False,,,null
case-001467,fork,False,0,False,,,null
case-001468,fork,False,0,False,,,null
case-001469,fork,False,0,False,,,null
case-001470,fork,False,0,False,,,null
case-001471,fork,False,0,False,,,null
case-001472,fork,False,0,False,,,null
case-001473,fork,False,0,False,,,null
case-001474,fork,False,0,False,,,null
case-001475,fork,False,0,False,,,null
case-001476,fork,False,0,False,,,null
case-001477,fork,False,0,False,,,null
case-001478,fork,False,0,False,,,null
case-001479,fork,False,0,False,,,null
case-001480,fork,False,0,False,,,null
case-001481,fork,False,0,False,,,null
case-001482,fork,False,0,False,,,null
case-001483,fork,False,0,False,,,null
case-001484,fork,False,0,False,,,null
case-001485,fork,False,0,False,,,null
case-001486,fork,False,0,False,,,null
case-001487,fork,False,0,False,,,null
case-001488,fork,False,0,False,,,null
case-001489,fork,False,0,False,,,null
case-001490,fork,False,0,False,,,null
case-001491,fork,False,0,False,,,null
case-001492,fork,False,0,False,,,null
case-001493,fork,False,0,False,,,null
case-001494,fork,False,0,False,,,null
case-001495,fork,False,0,False,,,null
case-001496,fork,False,0,False,,,null
case-001497,fork,False,0,False,,,null
case-001498,fork,False,0,False,,,null
case-001499,fork,False,0,False,,,null
case-001500,fork,False,0,False,,,null
case-001501,fork,False,0,False,,,null
case-001502,fork,False,0,False,,,null
case-001503,fork,False,0,False,,,null
case-001504,fork,False,0,False,,,null
case-001505,fork,False,0,False,,,null
case-001506,fork,False,0,False,,,null
case-001507,fork,False,0,False,,,null
case-001508,fork,False,0,False,,,null
case-001509,fork,False,0,False,,,null
case-001510,fork,False,0,False,,,null
case-001511,fork,False,0,False,,,null
case-001512,fork,False,0,False,,,null
case-001513,fork,False,0,False,,,null
case-001514,fork,False,0,False,,,null
case-001515,fork,False,0,False,,,null
case-001516,fork,False,0,False,,,null
case-001517,fork,False,0,False,,,null
case-001518,fork,False,0,False,,,null
case-001519,fork,False,0,False,,,null
case-001520,fork,False,0,False,,,null
case-001521,fork,False,0,False,,,null
case-001522,fork,False,0,False,,,null
case-001523,fork,False,0,False,,,null
case-001524,fork,False,0,False,,,null
case-001525,fork,False,0,False,,,null
case-001526,fork,False,0,False,,,null
case-001527,fork,False,0,False,,,null
case-001528,fork,False,0,False,,,null
case-001529,fork,False,0,False,,,null
case-001530,fork,False,0,False,,,null
case-001531,fork,False,0,False,,,null
case-001532,fork,False,0,False,,,null
case-001533,fork,False,0,False,,,null
case-001534,fork,False,0,False,,,null
case-001535,fork,False,0,False,,,null
case-001536,fork,False,0,False,,,null
case-001537,fork,False,0,False,,,null
case-001538,fork,False,0,False,,,null
case-001539,fork,False,0,False,,,null
case-001540,fork,False,0,False,,,null
case-001541,fork,False,0,False,,,null
case-001542,fork,False,0,False,,,null
case-001543,fork,False,0,False,,,null
case-001544,fork,False,0,False,,,null
case-001545,fork,False,0,False,,,null
case-001546,fork,False,0,False,,,null
case-001547,fork,False,0,False,,,null
case-001548,fork,False,0,False,,,null
case-001549,fork,False,0,False,,,null
case-001550,fork,False,0,False,,,null
case-001551,fork,False,0,False,,,null
case-001552,fork,False,0,False,,,null
case-001553,fork,False,0,False,,,null
case-001554,fork,False,0,False,,,null
case-001555,fork,False,0,False,,,null
case-001556,fork,False,0,False,,,null
case-001557,fork,False,0,False,,,null
case-001558,fork,False,0,False,,,null
case-001559,fork,False,0,False,,,null
case-001560,fork,False,0,False,,,null
case-001561,fork,False,0,False,,,null
case-001562,fork,False,0,False,,,null
case-001563,fork,False,0,False,,,null
case-001564,fork,False,0,False,,,null
case-001565,fork,False,0,False,,,null
case-001566,fork,False,0,False,,,null
case-001567,fork,False,0,False,,,null
case-001568,fork,False,0,False,,,null
case-001569,fork,False,0,False,,,null
case-001570,fork,False,0,False,,,null
case-001571,fork,False,0,False,,,null
case-001572,fork,False,0,False,,,null
case-001573,fork,False,0,False,,,null
case-001574,fork,False,0,False,,,null
case-001575,fork,False,0,False,,,null
case-001576,fork,False,0,False,,,null
case-001577,fork,False,0,False,,,null
case-001578,fork,False,0,False,,,null
case-001579,fork,False,0,False,,,null
case-001580,fork,False,0,False,,,null
case-001581,fork,False,0,False,,,null
case-001582,fork,False,0,False,,,null
case-001583,fork,False,0,False,,,null
case-001584,fork,False,0,False,,,null
case-001585,fork,False,0,False,,,null
case-001586,fork,False,0,False,,,null
case-001587,fork,False,0,False,,,null
case-001588,fork,False,0,False,,,null
case-001589,fork,False,0,False,,,null
case-001590,fork,False,0,False,,,null
case-001591,fork,False,0,False,,,null
case-001592,fork,False,0,False,,,null
case-001593,fork,False,0,False,,,null
case-001594,fork,False,0,False,,,null
case-001595,fork,False,0,False,,,null
case-001596,fork,False,0,False,,,null
case-001597,fork,False,0,False,,,null
case-001598,fork,False,0,False,,,null
case-001599,fork,False,0,False,,,null
case-001600,fork,False,0,False,,,null
case-001601,inactive-key,False,0,False,,,null
case-001602,inactive-key,False,0,False,,,null
case-001603,inactive-key,False,0,False,,,null
case-001604,inactive-key,False,0,False,,,null
case-001605,inactive-key,False,0,False,,,null
case-001606,inactive-key,False,0,False,,,null
case-001607,inactive-key,False,0,False,,,null
case-001608,inactive-key,False,0,False,,,null
case-001609,inactive-key,False,0,False,,,null
case-001610,inactive-key,False,0,False,,,null
case-001611,inactive-key,False,0,False,,,null
case-001612,inactive-key,False,0,False,,,null
case-001613,inactive-key,False,0,False,,,null
case-001614,inactive-key,False,0,False,,,null
case-001615,inactive-key,False,0,False,,,null
case-001616,inactive-key,False,0,False,,,null
case-001617,inactive-key,False,0,False,,,null
case-001618,inactive-key,False,0,False,,,null
case-001619,inactive-key,False,0,False,,,null
case-001620,inactive-key,False,0,False,,,null
case-001621,inactive-key,False,0,False,,,null
case-001622,inactive-key,False,0,False,,,null
case-001623,inactive-key,False,0,False,,,null
case-001624,inactive-key,False,0,False,,,null
case-001625,inactive-key,False,0,False,,,null
case-001626,inactive-key,False,0,False,,,null
case-001627,inactive-key,False,0,False,,,null
case-001628,inactive-key,False,0,False,,,null
case-001629,inactive-key,False,0,False,,,null
case-001630,inactive-key,False,0,False,,,null
case-001631,inactive-key,False,0,False,,,null
case-001632,inactive-key,False,0,False,,,null
case-001633,inactive-key,False,0,False,,,null
case-001634,inactive-key,False,0,False,,,null
case-001635,inactive-key,False,0,False,,,null
case-001636,inactive-key,False,0,False,,,null
case-001637,inactive-key,False,0,False,,,null
case-001638,inactive-key,False,0,False,,,null
case-001639,inactive-key,False,0,False,,,null
case-001640,inactive-key,False,0,False,,,null
case-001641,inactive-key,False,0,False,,,null
case-001642,inactive-key,False,0,False,,,null
case-001643,inactive-key,False,0,False,,,null
case-001644,inactive-key,False,0,False,,,null
case-001645,inactive-key,False,0,False,,,null
case-001646,inactive-key,False,0,False,,,null
case-001647,inactive-key,False,0,False,,,null
case-001648,inactive-key,False,0,False,,,null
case-001649,inactive-key,False,0,False,,,null
case-001650,inactive-key,False,0,False,,,null
case-001651,inactive-key,False,0,False,,,null
case-001652,inactive-key,False,0,False,,,null
case-001653,inactive-key,False,0,False,,,null
case-001654,inactive-key,False,0,False,,,null
case-001655,inactive-key,False,0,False,,,null
case-001656,inactive-key,False,0,False,,,null
case-001657,inactive-key,False,0,False,,,null
case-001658,inactive-key,False,0,False,,,null
case-001659,inactive-key,False,0,False,,,null
case-001660,inactive-key,False,0,False,,,null
case-001661,inactive-key,False,0,False,,,null
case-001662,inactive-key,False,0,False,,,null
case-001663,inactive-key,False,0,False,,,null
case-001664,inactive-key,False,0,False,,,null
case-001665,inactive-key,False,0,False,,,null
case-001666,inactive-key,False,0,False,,,null
case-001667,inactive-key,False,0,False,,,null
case-001668,inactive-key,False,0,False,,,null
case-001669,inactive-key,False,0,False,,,null
case-001670,inactive-key,False,0,False,,,null
case-001671,inactive-key,False,0,False,,,null
case-001672,inactive-key,False,0,False,,,null
case-001673,inactive-key,False,0,False,,,null
case-001674,inactive-key,False,0,False,,,null
case-001675,inactive-key,False,0,False,,,null
case-001676,inactive-key,False,0,False,,,null
case-001677,inactive-key,False,0,False,,,null
case-001678,inactive-key,False,0,False,,,null
case-001679,inactive-key,False,0,False,,,null
case-001680,inactive-key,False,0,False,,,null
case-001681,inactive-key,False,0,False,,,null
case-001682,inactive-key,False,0,False,,,null
case-001683,inactive-key,False,0,False,,,null
case-001684,inactive-key,False,0,False,,,null
case-001685,inactive-key,False,0,False,,,null
case-001686,inactive-key,False,0,False,,,null
case-001687,inactive-key,False,0,False,,,null
case-001688,inactive-key,False,0,False,,,null
case-001689,inactive-key,False,0,False,,,null
case-001690,inactive-key,False,0,False,,,null
case-001691,inactive-key,False,0,False,,,null
case-001692,inactive-key,False,0,False,,,null
case-001693,inactive-key,False,0,False,,,null
case-001694,inactive-key,False,0,False,,,null
case-001695,inactive-key,False,0,False,,,null
case-001696,inactive-key,False,0,False,,,null
case-001697,inactive-key,False,0,False,,,null
case-001698,inactive-key,False,0,False,,,null
case-001699,inactive-key,False,0,False,,,null
case-001700,inactive-key,False,0,False,,,null
case-001701,inactive-key,False,0,False,,,null
case-001702,inactive-key,False,0,False,,,null
case-001703,inactive-key,False,0,False,,,null
case-001704,inactive-key,False,0,False,,,null
case-001705,inactive-key,False,0,False,,,null
case-001706,inactive-key,False,0,False,,,null
case-001707,inactive-key,False,0,False,,,null
case-001708,inactive-key,False,0,False,,,null
case-001709,inactive-key,False,0,False,,,null
case-001710,inactive-key,False,0,False,,,null
case-001711,inactive-key,False,0,False,,,null
case-001712,inactive-key,False,0,False,,,null
case-001713,inactive-key,False,0,False,,,null
case-001714,inactive-key,False,0,False,,,null
case-001715,inactive-key,False,0,False,,,null
case-001716,inactive-key,False,0,False,,,null
case-001717,inactive-key,False,0,False,,,null
case-001718,inactive-key,False,0,False,,,null
case-001719,inactive-key,False,0,False,,,null
case-001720,inactive-key,False,0,False,,,null
case-001721,inactive-key,False,0,False,,,null
case-001722,inactive-key,False,0,False,,,null
case-001723,inactive-key,False,0,False,,,null
case-001724,inactive-key,False,0,False,,,null
case-001725,inactive-key,False,0,False,,,null
case-001726,inactive-key,False,0,False,,,null
case-001727,inactive-key,False,0,False,,,null
case-001728,inactive-key,False,0,False,,,null
case-001729,inactive-key,False,0,False,,,null
case-001730,inactive-key,False,0,False,,,null
case-001731,inactive-key,False,0,False,,,null
case-001732,inactive-key,False,0,False,,,null
case-001733,inactive-key,False,0,False,,,null
case-001734,inactive-key,False,0,False,,,null
case-001735,inactive-key,False,0,False,,,null
case-001736,inactive-key,False,0,False,,,null
case-001737,inactive-key,False,0,False,,,null
case-001738,inactive-key,False,0,False,,,null
case-001739,inactive-key,False,0,False,,,null
case-001740,inactive-key,False,0,False,,,null
case-001741,inactive-key,False,0,False,,,null
case-001742,inactive-key,False,0,False,,,null
case-001743,inactive-key,False,0,False,,,null
case-001744,inactive-key,False,0,False,,,null
case-001745,inactive-key,False,0,False,,,null
case-001746,inactive-key,False,0,False,,,null
case-001747,inactive-key,False,0,False,,,null
case-001748,inactive-key,False,0,False,,,null
case-001749,inactive-key,False,0,False,,,null
case-001750,inactive-key,False,0,False,,,null
case-001751,inactive-key,False,0,False,,,null
case-001752,inactive-key,False,0,False,,,null
case-001753,inactive-key,False,0,False,,,null
case-001754,inactive-key,False,0,False,,,null
case-001755,inactive-key,False,0,False,,,null
case-001756,inactive-key,False,0,False,,,null
case-001757,inactive-key,False,0,False,,,null
case-001758,inactive-key,False,0,False,,,null
case-001759,inactive-key,False,0,False,,,null
case-001760,inactive-key,False,0,False,,,null
case-001761,inactive-key,False,0,False,,,null
case-001762,inactive-key,False,0,False,,,null
case-001763,inactive-key,False,0,False,,,null
case-001764,inactive-key,False,0,False,,,null
case-001765,inactive-key,False,0,False,,,null
case-001766,inactive-key,False,0,False,,,null
case-001767,inactive-key,False,0,False,,,null
case-001768,inactive-key,False,0,False,,,null
case-001769,inactive-key,False,0,False,,,null
case-001770,inactive-key,False,0,False,,,null
case-001771,inactive-key,False,0,False,,,null
case-001772,inactive-key,False,0,False,,,null
case-001773,inactive-key,False,0,False,,,null
case-001774,inactive-key,False,0,False,,,null
case-001775,inactive-key,False,0,False,,,null
case-001776,inactive-key,False,0,False,,,null
case-001777,inactive-key,False,0,False,,,null
case-001778,inactive-key,False,0,False,,,null
case-001779,inactive-key,False,0,False,,,null
case-001780,inactive-key,False,0,False,,,null
case-001781,inactive-key,False,0,False,,,null
case-001782,inactive-key,False,0,False,,,null
case-001783,inactive-key,False,0,False,,,null
case-001784,inactive-key,False,0,False,,,null
case-001785,inactive-key,False,0,False,,,null
case-001786,inactive-key,False,0,False,,,null
case-001787,inactive-key,False,0,False,,,null
case-001788,inactive-key,False,0,False,,,null
case-001789,inactive-key,False,0,False,,,null
case-001790,inactive-key,False,0,False,,,null
case-001791,inactive-key,False,0,False,,,null
case-001792,inactive-key,False,0,False,,,null
case-001793,inactive-key,False,0,False,,,null
case-001794,inactive-key,False,0,False,,,null
case-001795,inactive-key,False,0,False,,,null
case-001796,inactive-key,False,0,False,,,null
case-001797,inactive-key,False,0,False,,,null
case-001798,inactive-key,False,0,False,,,null
case-001799,inactive-key,False,0,False,,,null
case-001800,inactive-key,False,0,False,,,null
case-001801,causal-mix,False,0,False,,,null
case-001802,causal-mix,False,0,False,,,null
case-001803,causal-mix,False,0,False,,,null
case-001804,causal-mix,False,0,False,,,null
case-001805,causal-mix,False,0,False,,,null
case-001806,causal-mix,False,0,False,,,null
case-001807,causal-mix,False,0,False,,,null
case-001808,causal-mix,False,0,False,,,null
case-001809,causal-mix,False,0,False,,,null
case-001810,causal-mix,False,0,False,,,null
case-001811,causal-mix,False,0,False,,,null
case-001812,causal-mix,False,0,False,,,null
case-001813,causal-mix,False,0,False,,,null
case-001814,causal-mix,False,0,False,,,null
case-001815,causal-mix,False,0,False,,,null
case-001816,causal-mix,False,0,False,,,null
case-001817,causal-mix,False,0,False,,,null
case-001818,causal-mix,False,0,False,,,null
case-001819,causal-mix,False,0,False,,,null
case-001820,causal-mix,False,0,False,,,null
case-001821,causal-mix,False,0,False,,,null
case-001822,causal-mix,False,0,False,,,null
case-001823,causal-mix,False,0,False,,,null
case-001824,causal-mix,False,0,False,,,null
case-001825,causal-mix,False,0,False,,,null
case-001826,causal-mix,False,0,False,,,null
case-001827,causal-mix,False,0,False,,,null
case-001828,causal-mix,False,0,False,,,null
case-001829,causal-mix,False,0,False,,,null
case-001830,causal-mix,False,0,False,,,null
case-001831,causal-mix,False,0,False,,,null
case-001832,causal-mix,False,0,False,,,null
case-001833,causal-mix,False,0,False,,,null
case-001834,causal-mix,False,0,False,,,null
case-001835,causal-mix,False,0,False,,,null
case-001836,causal-mix,False,0,False,,,null
case-001837,causal-mix,False,0,False,,,null
case-001838,causal-mix,False,0,False,,,null
case-001839,causal-mix,False,0,False,,,null
case-001840,causal-mix,False,0,False,,,null
case-001841,causal-mix,False,0,False,,,null
case-001842,causal-mix,False,0,False,,,null
case-001843,causal-mix,False,0,False,,,null
case-001844,causal-mix,False,0,False,,,null
case-001845,causal-mix,False,0,False,,,null
case-001846,causal-mix,False,0,False,,,null
case-001847,causal-mix,False,0,False,,,null
case-001848,causal-mix,False,0,False,,,null
case-001849,causal-mix,False,0,False,,,null
case-001850,causal-mix,False,0,False,,,null
case-001851,causal-mix,False,0,False,,,null
case-001852,causal-mix,False,0,False,,,null
case-001853,causal-mix,False,0,False,,,null
case-001854,causal-mix,False,0,False,,,null
case-001855,causal-mix,False,0,False,,,null
case-001856,causal-mix,False,0,False,,,null
case-001857,causal-mix,False,0,False,,,null
case-001858,causal-mix,False,0,False,,,null
case-001859,causal-mix,False,0,False,,,null
case-001860,causal-mix,False,0,False,,,null
case-001861,causal-mix,False,0,False,,,null
case-001862,causal-mix,False,0,False,,,null
case-001863,causal-mix,False,0,False,,,null
case-001864,causal-mix,False,0,False,,,null
case-001865,causal-mix,False,0,False,,,null
case-001866,causal-mix,False,0,False,,,null
case-001867,causal-mix,False,0,False,,,null
case-001868,causal-mix,False,0,False,,,null
case-001869,causal-mix,False,0,False,,,null
case-001870,causal-mix,False,0,False,,,null
case-001871,causal-mix,False,0,False,,,null
case-001872,causal-mix,False,0,False,,,null
case-001873,causal-mix,False,0,False,,,null
case-001874,causal-mix,False,0,False,,,null
case-001875,causal-mix,False,0,False,,,null
case-001876,causal-mix,False,0,False,,,null
case-001877,causal-mix,False,0,False,,,null
case-001878,causal-mix,False,0,False,,,null
case-001879,causal-mix,False,0,False,,,null
case-001880,causal-mix,False,0,False,,,null
case-001881,causal-mix,False,0,False,,,null
case-001882,causal-mix,False,0,False,,,null
case-001883,causal-mix,False,0,False,,,null
case-001884,causal-mix,False,0,False,,,null
case-001885,causal-mix,False,0,False,,,null
case-001886,causal-mix,False,0,False,,,null
case-001887,causal-mix,False,0,False,,,null
case-001888,causal-mix,False,0,False,,,null
case-001889,causal-mix,False,0,False,,,null
case-001890,causal-mix,False,0,False,,,null
case-001891,causal-mix,False,0,False,,,null
case-001892,causal-mix,False,0,False,,,null
case-001893,causal-mix,False,0,False,,,null
case-001894,causal-mix,False,0,False,,,null
case-001895,causal-mix,False,0,False,,,null
case-001896,causal-mix,False,0,False,,,null
case-001897,causal-mix,False,0,False,,,null
case-001898,causal-mix,False,0,False,,,null
case-001899,causal-mix,False,0,False,,,null
case-001900,causal-mix,False,0,False,,,null
case-001901,causal-mix,False,0,False,,,null
case-001902,causal-mix,False,0,False,,,null
case-001903,causal-mix,False,0,False,,,null
case-001904,causal-mix,False,0,False,,,null
case-001905,causal-mix,False,0,False,,,null
case-001906,causal-mix,False,0,False,,,null
case-001907,causal-mix,False,0,False,,,null
case-001908,causal-mix,False,0,False,,,null
case-001909,causal-mix,False,0,False,,,null
case-001910,causal-mix,False,0,False,,,null
case-001911,causal-mix,False,0,False,,,null
case-001912,causal-mix,False,0,False,,,null
case-001913,causal-mix,False,0,False,,,null
case-001914,causal-mix,False,0,False,,,null
case-001915,causal-mix,False,0,False,,,null
case-001916,causal-mix,False,0,False,,,null
case-001917,causal-mix,False,0,False,,,null
case-001918,causal-mix,False,0,False,,,null
case-001919,causal-mix,False,0,False,,,null
case-001920,causal-mix,False,0,False,,,null
case-001921,causal-mix,False,0,False,,,null
case-001922,causal-mix,False,0,False,,,null
case-001923,causal-mix,False,0,False,,,null
case-001924,causal-mix,False,0,False,,,null
case-001925,causal-mix,False,0,False,,,null
case-001926,causal-mix,False,0,False,,,null
case-001927,causal-mix,False,0,False,,,null
case-001928,causal-mix,False,0,False,,,null
case-001929,causal-mix,False,0,False,,,null
case-001930,causal-mix,False,0,False,,,null
case-001931,causal-mix,False,0,False,,,null
case-001932,causal-mix,False,0,False,,,null
case-001933,causal-mix,False,0,False,,,null
case-001934,causal-mix,False,0,False,,,null
case-001935,causal-mix,False,0,False,,,null
case-001936,causal-mix,False,0,False,,,null
case-001937,causal-mix,False,0,False,,,null
case-001938,causal-mix,False,0,False,,,null
case-001939,causal-mix,False,0,False,,,null
case-001940,causal-mix,False,0,False,,,null
case-001941,causal-mix,False,0,False,,,null
case-001942,causal-mix,False,0,False,,,null
case-001943,causal-mix,False,0,False,,,null
case-001944,causal-mix,False,0,False,,,null
case-001945,causal-mix,False,0,False,,,null
case-001946,causal-mix,False,0,False,,,null
case-001947,causal-mix,False,0,False,,,null
case-001948,causal-mix,False,0,False,,,null
case-001949,causal-mix,False,0,False,,,null
case-001950,causal-mix,False,0,False,,,null
case-001951,causal-mix,False,0,False,,,null
case-001952,causal-mix,False,0,False,,,null
case-001953,causal-mix,False,0,False,,,null
case-001954,causal-mix,False,0,False,,,null
case-001955,causal-mix,False,0,False,,,null
case-001956,causal-mix,False,0,False,,,null
case-001957,causal-mix,False,0,False,,,null
case-001958,causal-mix,False,0,False,,,null
case-001959,causal-mix,False,0,False,,,null
case-001960,causal-mix,False,0,False,,,null
case-001961,causal-mix,False,0,False,,,null
case-001962,causal-mix,False,0,False,,,null
case-001963,causal-mix,False,0,False,,,null
case-001964,causal-mix,False,0,False,,,null
case-001965,causal-mix,False,0,False,,,null
case-001966,causal-mix,False,0,False,,,null
case-001967,causal-mix,False,0,False,,,null
case-001968,causal-mix,False,0,False,,,null
case-001969,causal-mix,False,0,False,,,null
case-001970,causal-mix,False,0,False,,,null
case-001971,causal-mix,False,0,False,,,null
case-001972,causal-mix,False,0,False,,,null
case-001973,causal-mix,False,0,False,,,null
case-001974,causal-mix,False,0,False,,,null
case-001975,causal-mix,False,0,False,,,null
case-001976,causal-mix,False,0,False,,,null
case-001977,causal-mix,False,0,False,,,null
case-001978,causal-mix,False,0,False,,,null
case-001979,causal-mix,False,0,False,,,null
case-001980,causal-mix,False,0,False,,,null
case-001981,causal-mix,False,0,False,,,null
case-001982,causal-mix,False,0,False,,,null
case-001983,causal-mix,False,0,False,,,null
case-001984,causal-mix,False,0,False,,,null
case-001985,causal-mix,False,0,False,,,null
case-001986,causal-mix,False,0,False,,,null
case-001987,causal-mix,False,0,False,,,null
case-001988,causal-mix,False,0,False,,,null
case-001989,causal-mix,False,0,False,,,null
case-001990,causal-mix,False,0,False,,,null
case-001991,causal-mix,False,0,False,,,null
case-001992,causal-mix,False,0,False,,,null
case-001993,causal-mix,False,0,False,,,null
case-001994,causal-mix,False,0,False,,,null
case-001995,causal-mix,False,0,False,,,null
case-001996,causal-mix,False,0,False,,,null
case-001997,causal-mix,False,0,False,,,null
case-001998,causal-mix,False,0,False,,,null
case-001999,causal-mix,False,0,False,,,null
case-002000,causal-mix,False,0,False,,,null
case-002001,chain-optimization,,,,5,,"[""e0"",""e1"",""e2""]"
case-002002,chain-optimization,,,,5,,"[""e0""]"
case-002003,chain-optimization,,,,7,,"[""e0"",""e1"",""e2"",""e3""]"
case-002004,chain-optimization,,,,7,,"[""e0"",""e1"",""e6""]"
case-002005,chain-optimization,,,,4,,"[""e0"",""e1"",""e2"",""e3"",""e4"",""e5"",""e6"",""e7""]"
case-002006,chain-optimization,,,,11,,"[""e0"",""e1""]"
case-002007,chain-optimization,,,,15,,"[""e0"",""e1"",""e2"",""e3"",""e4""]"
case-002008,chain-optimization,,,,5,,"[""e0"",""e1"",""e2"",""e3""]"
case-002009,chain-optimization,,,,9,,"[""e0"",""e1"",""e2"",""e5"",""e6""]"
case-002010,chain-optimization,,,,11,,"[""e0"",""e1"",""e2"",""e3"",""e4"",""e5""]"
case-002011,chain-optimization,,,,0,,"[""e0"",""e1"",""e2"",""e3""]"
case-002012,chain-optimization,,,,5,,"[""e0"",""e3""]"
case-002013,chain-optimization,,,,8,,"[""e0"",""e1"",""e3""]"
case-002014,chain-optimization,,,,2,,"[""e0"",""e1"",""e4""]"
case-002015,chain-optimization,,,,10,,"[""e0"",""e1"",""e4"",""e5""]"
case-002016,chain-optimization,,,,7,,"[""e1""]"
case-002017,chain-optimization,,,,11,,"[""e1"",""e2"",""e3""]"
case-002018,chain-optimization,,,,16,,"[""e0"",""e1"",""e2"",""e4"",""e5""]"
case-002019,chain-optimization,,,,7,,"[""e0"",""e1"",""e2"",""e3"",""e4"",""e5"",""e6""]"
case-002020,chain-optimization,,,,10,,"[""e0"",""e1"",""e2""]"
case-002021,chain-optimization,,,,10,,"[""e0"",""e1""]"
case-002022,chain-optimization,,,,17,,"[""e0"",""e1"",""e2"",""e3"",""e4""]"
case-002023,chain-optimization,,,,12,,"[""e0"",""e1"",""e3""]"
case-002024,chain-optimization,,,,16,,"[""e0"",""e1"",""e2"",""e3"",""e4""]"
case-002025,chain-optimization,,,,0,,"[""e0"",""e1"",""e2"",""e3"",""e5"",""e6"",""e7""]"
case-002026,chain-optimization,,,,7,,"[""e1""]"
case-002027,chain-optimization,,,,2,,"[""e0"",""e1"",""e2""]"
case-002028,chain-optimization,,,,3,,"[""e3""]"
case-002029,chain-optimization,,,,13,,"[""e0"",""e1"",""e2"",""e3"",""e6""]"
case-002030,chain-optimization,,,,9,,"[""e0"",""e1"",""e2"",""e6""]"
case-002031,chain-optimization,,,,6,,"[""e0"",""e2"",""e3""]"
case-002032,chain-optimization,,,,5,,"[""e0"",""e1"",""e2"",""e3""]"
case-002033,chain-optimization,,,,9,,"[""e0"",""e1"",""e2"",""e3"",""e4""]"
case-002034,chain-optimization,,,,2,,"[""e1"",""e2"",""e3"",""e5"",""e6""]"
case-002035,chain-optimization,,,,16,,"[""e0"",""e1"",""e2"",""e4"",""e6""]"
case-002036,chain-optimization,,,,7,,"[""e0"",""e1""]"
case-002037,chain-optimization,,,,15,,"[""e0"",""e1"",""e2"",""e4""]"
case-002038,chain-optimization,,,,7,,"[""e2""]"
case-002039,chain-optimization,,,,9,,"[""e0"",""e1"",""e2"",""e4"",""e5"",""e6""]"
case-002040,chain-optimization,,,,11,,"[""e0"",""e1"",""e2"",""e3"",""e4"",""e5"",""e6"",""e7""]"
case-002041,chain-optimization,,,,6,,"[""e2""]"
case-002042,chain-optimization,,,,7,,"[""e0"",""e1"",""e2""]"
case-002043,chain-optimization,,,,13,,"[""e0"",""e1"",""e2"",""e3"",""e4""]"
case-002044,chain-optimization,,,,4,,"[""e0"",""e2""]"
case-002045,chain-optimization,,,,12,,"[""e0"",""e1"",""e2"",""e3"",""e5"",""e6""]"
case-002046,chain-optimization,,,,4,,"[""e0"",""e1"",""e2""]"
case-002047,chain-optimization,,,,7,,"[""e0"",""e1"",""e2"",""e3""]"
case-002048,chain-optimization,,,,13,,"[""e0"",""e1"",""e2"",""e4""]"
case-002049,chain-optimization,,,,9,,"[""e0"",""e3"",""e5""]"
case-002050,chain-optimization,,,,13,,"[""e0"",""e1"",""e3"",""e5""]"
case-002051,chain-optimization,,,,5,,"[""e0"",""e1"",""e2"",""e3""]"
case-002052,chain-optimization,,,,16,,"[""e0"",""e1"",""e2"",""e3"",""e4""]"
case-002053,chain-optimization,,,,6,,"[""e0""]"
case-002054,chain-optimization,,,,7,,"[""e0"",""e1"",""e2"",""e3"",""e4"",""e5"",""e6""]"
case-002055,chain-optimization,,,,17,,"[""e0"",""e1"",""e2"",""e3"",""e4"",""e5"",""e6"",""e7""]"
case-002056,chain-optimization,,,,10,,"[""e0"",""e1"",""e2""]"
case-002057,chain-optimization,,,,3,,"[""e0"",""e1"",""e2"",""e3"",""e4""]"
case-002058,chain-optimization,,,,7,,"[""e0"",""e1"",""e2"",""e3"",""e4""]"
case-002059,chain-optimization,,,,5,,"[""e0"",""e1"",""e3"",""e5"",""e6""]"
case-002060,chain-optimization,,,,15,,"[""e0"",""e1"",""e2"",""e3"",""e5"",""e6""]"
case-002061,chain-optimization,,,,6,,"[""e0"",""e1"",""e2"",""e3""]"
case-002062,chain-optimization,,,,7,,"[""e0"",""e2""]"
case-002063,chain-optimization,,,,14,,"[""e0"",""e1"",""e2""]"
case-002064,chain-optimization,,,,8,,"[""e0"",""e1"",""e2"",""e3""]"
case-002065,chain-optimization,,,,12,,"[""e0"",""e1""]"
case-002066,chain-optimization,,,,9,,"[""e0"",""e1""]"
case-002067,chain-optimization,,,,4,,"[""e0"",""e1"",""e2"",""e3""]"
case-002068,chain-optimization,,,,3,,"[""e0"",""e1"",""e2"",""e3"",""e4"",""e5""]"
case-002069,chain-optimization,,,,7,,"[""e0"",""e1"",""e3""]"
case-002070,chain-optimization,,,,8,,"[""e0"",""e1"",""e2"",""e3""]"
case-002071,chain-optimization,,,,12,,"[""e0"",""e1""]"
case-002072,chain-optimization,,,,9,,"[""e0"",""e1"",""e2""]"
case-002073,chain-optimization,,,,3,,"[""e0"",""e1"",""e3"",""e4""]"
case-002074,chain-optimization,,,,10,,"[""e0"",""e1"",""e2"",""e3"",""e4"",""e5""]"
case-002075,chain-optimization,,,,12,,"[""e0"",""e1"",""e2"",""e4"",""e5"",""e6"",""e7""]"
case-002076,chain-optimization,,,,11,,"[""e0"",""e2""]"
case-002077,chain-optimization,,,,4,,"[""e0"",""e1"",""e3""]"
case-002078,chain-optimization,,,,1,,"[""e0"",""e1""]"
case-002079,chain-optimization,,,,4,,"[""e1"",""e2""]"
case-002080,chain-optimization,,,,11,,"[""e0"",""e1"",""e2"",""e5"",""e6"",""e7""]"
case-002081,chain-optimization,,,,1,,"[""e0""]"
case-002082,chain-optimization,,,,10,,"[""e0"",""e1"",""e2"",""e3"",""e4""]"
case-002083,chain-optimization,,,,10,,"[""e0"",""e1"",""e2"",""e3""]"
case-002084,chain-optimization,,,,4,,"[""e0"",""e6""]"
case-002085,chain-optimization,,,,6,,"[""e0"",""e1"",""e2"",""e3"",""e4"",""e5"",""e6"",""e7""]"
case-002086,chain-optimization,,,,6,,"[""e0"",""e1"",""e2"",""e3""]"
case-002087,chain-optimization,,,,9,,"[""e0"",""e1"",""e2""]"
case-002088,chain-optimization,,,,9,,"[""e0"",""e1"",""e2"",""e5""]"
case-002089,chain-optimization,,,,12,,"[""e0"",""e1"",""e2"",""e3"",""e4"",""e5"",""e6""]"
case-002090,chain-optimization,,,,14,,"[""e0"",""e2"",""e3"",""e6""]"
case-002091,chain-optimization,,,,12,,"[""e0"",""e1""]"
case-002092,chain-optimization,,,,5,,"[""e0"",""e1"",""e2"",""e3"",""e4""]"
case-002093,chain-optimization,,,,11,,"[""e0"",""e1"",""e3"",""e4""]"
case-002094,chain-optimization,,,,12,,"[""e0"",""e1"",""e2"",""e5""]"
case-002095,chain-optimization,,,,8,,"[""e0"",""e1"",""e2"",""e3"",""e4"",""e5""]"
case-002096,chain-optimization,,,,7,,"[""e1"",""e2"",""e3""]"
case-002097,chain-optimization,,,,6,,"[""e1"",""e2"",""e3""]"
case-002098,chain-optimization,,,,11,,"[""e0"",""e2"",""e3"",""e4""]"
case-002099,chain-optimization,,,,0,,"[""e0"",""e1"",""e2"",""e3"",""e4""]"
case-002100,chain-optimization,,,,13,,"[""e0"",""e1"",""e2"",""e3"",""e4""]"
case-002101,chain-optimization,,,,9,,"[""e0"",""e1"",""e2"",""e3""]"
case-002102,chain-optimization,,,,8,,"[""e0"",""e1"",""e2"",""e3""]"
case-002103,chain-optimization,,,,3,,"[""e0"",""e1"",""e2"",""e3"",""e4"",""e5""]"
case-002104,chain-optimization,,,,15,,"[""e0"",""e1"",""e2"",""e3"",""e4"",""e5""]"
case-002105,chain-optimization,,,,6,,"[""e0"",""e1"",""e2"",""e3"",""e4"",""e5"",""e7""]"
case-002106,chain-optimization,,,,7,,"[""e0"",""e1"",""e2"",""e3""]"
case-002107,chain-optimization,,,,0,,[]
case-002108,chain-optimization,,,,11,,"[""e0"",""e1"",""e3"",""e5""]"
case-002109,chain-optimization,,,,14,,"[""e0"",""e1"",""e3"",""e4""]"
case-002110,chain-optimization,,,,12,,"[""e0"",""e1"",""e2"",""e3"",""e4""]"
case-002111,chain-optimization,,,,11,,"[""e0"",""e1"",""e3""]"
case-002112,chain-optimization,,,,4,,"[""e0"",""e1"",""e4""]"
case-002113,chain-optimization,,,,5,,"[""e0"",""e1"",""e2""]"
case-002114,chain-optimization,,,,13,,"[""e0"",""e1"",""e2"",""e3""]"
case-002115,chain-optimization,,,,11,,"[""e0"",""e1"",""e2"",""e3"",""e4"",""e5"",""e7""]"
case-002116,chain-optimization,,,,13,,"[""e0"",""e1""]"
case-002117,chain-optimization,,,,13,,"[""e0"",""e1"",""e2"",""e4""]"
case-002118,chain-optimization,,,,11,,"[""e0"",""e1"",""e2"",""e3"",""e4"",""e5""]"
case-002119,chain-optimization,,,,5,,"[""e0"",""e1"",""e2"",""e3"",""e4""]"
case-002120,chain-optimization,,,,11,,"[""e0"",""e1"",""e2"",""e4"",""e5"",""e6"",""e7""]"
case-002121,chain-optimization,,,,2,,"[""e0""]"
case-002122,chain-optimization,,,,11,,"[""e0"",""e2"",""e3""]"
case-002123,chain-optimization,,,,9,,"[""e0"",""e1"",""e3"",""e5""]"
case-002124,chain-optimization,,,,10,,"[""e0"",""e1"",""e2"",""e3"",""e4"",""e5"",""e6""]"
case-002125,chain-optimization,,,,8,,"[""e0"",""e1"",""e4""]"
case-002126,chain-optimization,,,,7,,"[""e0"",""e1""]"
case-002127,chain-optimization,,,,5,,"[""e0"",""e1"",""e4""]"
case-002128,chain-optimization,,,,7,,"[""e0"",""e1"",""e2"",""e3"",""e4""]"
case-002129,chain-optimization,,,,12,,"[""e0"",""e1"",""e2""]"
case-002130,chain-optimization,,,,18,,"[""e0"",""e1"",""e2"",""e3""]"
case-002131,chain-optimization,,,,2,,"[""e0"",""e1"",""e2""]"
case-002132,chain-optimization,,,,16,,"[""e0"",""e1"",""e2"",""e3"",""e4""]"
case-002133,chain-optimization,,,,11,,"[""e0"",""e1"",""e2"",""e3"",""e4"",""e5""]"
case-002134,chain-optimization,,,,11,,"[""e0"",""e1"",""e2"",""e3"",""e4""]"
case-002135,chain-optimization,,,,13,,"[""e0"",""e1""]"
case-002136,chain-optimization,,,,9,,"[""e0"",""e1"",""e2""]"
case-002137,chain-optimization,,,,5,,"[""e0"",""e4""]"
case-002138,chain-optimization,,,,10,,"[""e0"",""e1"",""e2"",""e3"",""e4""]"
case-002139,chain-optimization,,,,19,,"[""e0"",""e1"",""e3"",""e4""]"
case-002140,chain-optimization,,,,13,,"[""e1"",""e2"",""e3"",""e4""]"
case-002141,chain-optimization,,,,5,,"[""e0""]"
case-002142,chain-optimization,,,,8,,"[""e0"",""e1"",""e2"",""e3"",""e4""]"
case-002143,chain-optimization,,,,17,,"[""e0"",""e2"",""e4"",""e5""]"
case-002144,chain-optimization,,,,8,,"[""e0"",""e1"",""e2"",""e3"",""e4"",""e6""]"
case-002145,chain-optimization,,,,16,,"[""e0"",""e1"",""e2"",""e3"",""e4"",""e5"",""e6""]"
case-002146,chain-optimization,,,,7,,"[""e0"",""e1"",""e2"",""e3""]"
case-002147,chain-optimization,,,,9,,"[""e0"",""e2""]"
case-002148,chain-optimization,,,,9,,"[""e0"",""e1"",""e3"",""e5""]"
case-002149,chain-optimization,,,,16,,"[""e0"",""e1"",""e2"",""e3"",""e4"",""e5""]"
case-002150,chain-optimization,,,,8,,"[""e0"",""e1"",""e2"",""e3"",""e4"",""e5"",""e7""]"
case-002151,fork-hardness,,,,0,0,""""""
case-002152,fork-hardness,,,,1,1,""""""
case-002153,fork-hardness,,,,2,2,""""""
case-002154,fork-hardness,,,,1,1,""""""
case-002155,fork-hardness,,,,3,3,""""""
case-002156,fork-hardness,,,,2,2,""""""
case-002157,fork-hardness,,,,2,2,""""""
case-002158,fork-hardness,,,,2,2,""""""
case-002159,fork-hardness,,,,2,2,""""""
case-002160,fork-hardness,,,,2,2,""""""
case-002161,fork-hardness,,,,2,2,""""""
case-002162,fork-hardness,,,,1,1,""""""
case-002163,fork-hardness,,,,1,1,""""""
case-002164,fork-hardness,,,,2,2,""""""
case-002165,fork-hardness,,,,2,2,""""""
